[{"__symbolic":"module","version":3,"metadata":{},"exports":[{"from":"./portal/portal","export":["BasePortalHost","ComponentPortal"]},{"from":"./overlay/overlay","export":["Overlay"]},{"from":"./overlay/overlay-container","export":["OverlayContainer"]},{"from":"./toastDirective","export":["ToastContainerModule","ToastContainerDirective"]},{"from":"./overlay/overlay-ref","export":["OverlayRef"]},{"from":"./toastComponent","export":["Toast"]},{"from":"./toastrService","export":["ToastrService","ActiveToast"]},{"from":"./toastrConfig","export":["ToastrConfig","ToastConfig","ToastData"]},{"from":"./toastrModule","export":["ToastrModule"]},{"from":"./toastInjector","export":["ToastRef"]}]},{"__symbolic":"module","version":1,"metadata":{},"exports":[{"from":"./portal/portal","export":["BasePortalHost","ComponentPortal"]},{"from":"./overlay/overlay","export":["Overlay"]},{"from":"./overlay/overlay-container","export":["OverlayContainer"]},{"from":"./toastDirective","export":["ToastContainerModule","ToastContainerDirective"]},{"from":"./overlay/overlay-ref","export":["OverlayRef"]},{"from":"./toastComponent","export":["Toast"]},{"from":"./toastrService","export":["ToastrService","ActiveToast"]},{"from":"./toastrConfig","export":["ToastrConfig","ToastConfig","ToastData"]},{"from":"./toastrModule","export":["ToastrModule"]},{"from":"./toastInjector","export":["ToastRef"]}]}]