[{"__symbolic":"module","version":3,"metadata":{"Toast":{"__symbolic":"class","decorators":[{"__symbolic":"call","expression":{"__symbolic":"reference","module":"@angular/core","name":"Component"},"arguments":[{"selector":"[toast-component]","template":"\n  <button *ngIf=\"options.closeButton\" (click)=\"remove()\" class=\"toast-close-button\" ripple-radius>\n    &times;\n  </button>\n  <div *ngIf=\"title\" class=\"{{options.titleClass}}\" [attr.aria-label]=\"title\">\n    {{title}}\n  </div>\n  <div *ngIf=\"message && options.enableHtml\" class=\"{{options.messageClass}}\" [innerHTML]=\"message\">\n  </div>\n  <div *ngIf=\"message && !options.enableHtml\" class=\"{{options.messageClass}}\" [attr.aria-label]=\"message\">\n    {{message}}\n  </div>\n  <div *ngIf=\"options.progressBar\">\n    <div class=\"toast-progress\" [style.width.%]=\"width\"></div>\n  </div>\n  ","animations":[{"__symbolic":"reference","module":"../animations/animations","name":"flyInOut"}]}]}],"members":{"toastClasses":[{"__symbolic":"property","decorators":[{"__symbolic":"call","expression":{"__symbolic":"reference","module":"@angular/core","name":"HostBinding"},"arguments":["class"]}]}],"state":[{"__symbolic":"property","decorators":[{"__symbolic":"call","expression":{"__symbolic":"reference","module":"@angular/core","name":"HostBinding"},"arguments":["@flyInOut"]}]}],"__ctor__":[{"__symbolic":"constructor","parameters":[{"__symbolic":"reference","module":"./toastrService","name":"ToastrService"},{"__symbolic":"reference","module":"./toastrConfig","name":"ToastData"},{"__symbolic":"reference","module":"./toastInjector","name":"ToastRef","arguments":[{"__symbolic":"reference","name":"any"}]},{"__symbolic":"reference","module":"@angular/core","name":"ApplicationRef"},{"__symbolic":"reference","module":"@angular/platform-browser","name":"DomSanitizer"}]}],"ngOnDestroy":[{"__symbolic":"method"}],"activateToast":[{"__symbolic":"method"}],"updateProgress":[{"__symbolic":"method"}],"remove":[{"__symbolic":"method"}],"tapToast":[{"__symbolic":"method","decorators":[{"__symbolic":"call","expression":{"__symbolic":"reference","module":"@angular/core","name":"HostListener"},"arguments":["click"]}]}],"stickAround":[{"__symbolic":"method","decorators":[{"__symbolic":"call","expression":{"__symbolic":"reference","module":"@angular/core","name":"HostListener"},"arguments":["mouseenter"]}]}],"delayedHideToast":[{"__symbolic":"method","decorators":[{"__symbolic":"call","expression":{"__symbolic":"reference","module":"@angular/core","name":"HostListener"},"arguments":["mouseleave"]}]}]}}}},{"__symbolic":"module","version":1,"metadata":{"Toast":{"__symbolic":"class","decorators":[{"__symbolic":"call","expression":{"__symbolic":"reference","module":"@angular/core","name":"Component"},"arguments":[{"selector":"[toast-component]","template":"\n  <button *ngIf=\"options.closeButton\" (click)=\"remove()\" class=\"toast-close-button\" ripple-radius>\n    &times;\n  </button>\n  <div *ngIf=\"title\" class=\"{{options.titleClass}}\" [attr.aria-label]=\"title\">\n    {{title}}\n  </div>\n  <div *ngIf=\"message && options.enableHtml\" class=\"{{options.messageClass}}\" [innerHTML]=\"message\">\n  </div>\n  <div *ngIf=\"message && !options.enableHtml\" class=\"{{options.messageClass}}\" [attr.aria-label]=\"message\">\n    {{message}}\n  </div>\n  <div *ngIf=\"options.progressBar\">\n    <div class=\"toast-progress\" [style.width.%]=\"width\"></div>\n  </div>\n  ","animations":[{"__symbolic":"reference","module":"../animations/animations","name":"flyInOut"}]}]}],"members":{"toastClasses":[{"__symbolic":"property","decorators":[{"__symbolic":"call","expression":{"__symbolic":"reference","module":"@angular/core","name":"HostBinding"},"arguments":["class"]}]}],"state":[{"__symbolic":"property","decorators":[{"__symbolic":"call","expression":{"__symbolic":"reference","module":"@angular/core","name":"HostBinding"},"arguments":["@flyInOut"]}]}],"__ctor__":[{"__symbolic":"constructor","parameters":[{"__symbolic":"reference","module":"./toastrService","name":"ToastrService"},{"__symbolic":"reference","module":"./toastrConfig","name":"ToastData"},{"__symbolic":"reference","module":"./toastInjector","name":"ToastRef","arguments":[{"__symbolic":"reference","name":"any"}]},{"__symbolic":"reference","module":"@angular/core","name":"ApplicationRef"},{"__symbolic":"reference","module":"@angular/platform-browser","name":"DomSanitizer"}]}],"ngOnDestroy":[{"__symbolic":"method"}],"activateToast":[{"__symbolic":"method"}],"updateProgress":[{"__symbolic":"method"}],"remove":[{"__symbolic":"method"}],"tapToast":[{"__symbolic":"method","decorators":[{"__symbolic":"call","expression":{"__symbolic":"reference","module":"@angular/core","name":"HostListener"},"arguments":["click"]}]}],"stickAround":[{"__symbolic":"method","decorators":[{"__symbolic":"call","expression":{"__symbolic":"reference","module":"@angular/core","name":"HostListener"},"arguments":["mouseenter"]}]}],"delayedHideToast":[{"__symbolic":"method","decorators":[{"__symbolic":"call","expression":{"__symbolic":"reference","module":"@angular/core","name":"HostListener"},"arguments":["mouseleave"]}]}]}}}}]