[{"__symbolic":"module","version":3,"metadata":{"ActiveToast":{"__symbolic":"interface"},"ToastrService":{"__symbolic":"class","decorators":[{"__symbolic":"call","expression":{"__symbolic":"reference","module":"@angular/core","name":"Injectable"}}],"members":{"__ctor__":[{"__symbolic":"constructor","parameters":[{"__symbolic":"reference","module":"./toastrConfig","name":"ToastrConfig"},{"__symbolic":"reference","module":"./overlay/overlay","name":"Overlay"},{"__symbolic":"reference","module":"@angular/core","name":"Injector"}]}],"show":[{"__symbolic":"method"}],"success":[{"__symbolic":"method"}],"error":[{"__symbolic":"method"}],"info":[{"__symbolic":"method"}],"warning":[{"__symbolic":"method"}],"createToastConfig":[{"__symbolic":"method"}],"clear":[{"__symbolic":"method"}],"remove":[{"__symbolic":"method"}],"_findToast":[{"__symbolic":"method"}],"isDuplicate":[{"__symbolic":"method"}],"_buildNotification":[{"__symbolic":"method"}]}}}},{"__symbolic":"module","version":1,"metadata":{"ActiveToast":{"__symbolic":"interface"},"ToastrService":{"__symbolic":"class","decorators":[{"__symbolic":"call","expression":{"__symbolic":"reference","module":"@angular/core","name":"Injectable"}}],"members":{"__ctor__":[{"__symbolic":"constructor","parameters":[{"__symbolic":"reference","module":"./toastrConfig","name":"ToastrConfig"},{"__symbolic":"reference","module":"./overlay/overlay","name":"Overlay"},{"__symbolic":"reference","module":"@angular/core","name":"Injector"}]}],"show":[{"__symbolic":"method"}],"success":[{"__symbolic":"method"}],"error":[{"__symbolic":"method"}],"info":[{"__symbolic":"method"}],"warning":[{"__symbolic":"method"}],"createToastConfig":[{"__symbolic":"method"}],"clear":[{"__symbolic":"method"}],"remove":[{"__symbolic":"method"}],"_findToast":[{"__symbolic":"method"}],"isDuplicate":[{"__symbolic":"method"}],"_buildNotification":[{"__symbolic":"method"}]}}}}]