[{"__symbolic":"module","version":3,"metadata":{"TOAST_CONFIG":{"__symbolic":"new","expression":{"__symbolic":"reference","module":"@angular/core","name":"OpaqueToken"},"arguments":["ToastConfig"]},"provideToastrConfig":{"__symbolic":"function","parameters":["config"],"value":{"__symbolic":"new","expression":{"__symbolic":"reference","module":"./toastrConfig","name":"ToastrConfig"},"arguments":[{"__symbolic":"reference","name":"config"}]}},"ToastrModule":{"__symbolic":"class","decorators":[{"__symbolic":"call","expression":{"__symbolic":"reference","module":"@angular/core","name":"NgModule"},"arguments":[{"imports":[{"__symbolic":"reference","module":"@angular/common","name":"CommonModule"}],"exports":[{"__symbolic":"reference","module":"./toastComponent","name":"Toast"}],"declarations":[{"__symbolic":"reference","module":"./toastComponent","name":"Toast"}],"entryComponents":[{"__symbolic":"reference","module":"./toastComponent","name":"Toast"}]}]}],"statics":{"forRoot":{"__symbolic":"function","parameters":["config"],"value":{"ngModule":{"__symbolic":"reference","name":"ToastrModule"},"providers":[{"provide":{"__symbolic":"reference","name":"TOAST_CONFIG"},"useValue":{"__symbolic":"reference","name":"config"}},{"provide":{"__symbolic":"reference","module":"./toastrConfig","name":"ToastrConfig"},"useFactory":{"__symbolic":"reference","name":"provideToastrConfig"},"deps":[{"__symbolic":"reference","name":"TOAST_CONFIG"}]},{"__symbolic":"reference","module":"./overlay/overlay-container","name":"OverlayContainer"},{"__symbolic":"reference","module":"./overlay/overlay","name":"Overlay"},{"__symbolic":"reference","module":"./toastrService","name":"ToastrService"}]}}}}}},{"__symbolic":"module","version":1,"metadata":{"TOAST_CONFIG":{"__symbolic":"new","expression":{"__symbolic":"reference","module":"@angular/core","name":"OpaqueToken"},"arguments":["ToastConfig"]},"provideToastrConfig":{"__symbolic":"function","parameters":["config"],"value":{"__symbolic":"new","expression":{"__symbolic":"reference","module":"./toastrConfig","name":"ToastrConfig"},"arguments":[{"__symbolic":"reference","name":"config"}]}},"ToastrModule":{"__symbolic":"class","decorators":[{"__symbolic":"call","expression":{"__symbolic":"reference","module":"@angular/core","name":"NgModule"},"arguments":[{"imports":[{"__symbolic":"reference","module":"@angular/common","name":"CommonModule"}],"exports":[{"__symbolic":"reference","module":"./toastComponent","name":"Toast"}],"declarations":[{"__symbolic":"reference","module":"./toastComponent","name":"Toast"}],"entryComponents":[{"__symbolic":"reference","module":"./toastComponent","name":"Toast"}]}]}],"statics":{"forRoot":{"__symbolic":"function","parameters":["config"],"value":{"ngModule":{"__symbolic":"reference","name":"ToastrModule"},"providers":[{"provide":{"__symbolic":"reference","name":"TOAST_CONFIG"},"useValue":{"__symbolic":"reference","name":"config"}},{"provide":{"__symbolic":"reference","module":"./toastrConfig","name":"ToastrConfig"},"useFactory":{"__symbolic":"reference","name":"provideToastrConfig"},"deps":[{"__symbolic":"reference","name":"TOAST_CONFIG"}]},{"__symbolic":"reference","module":"./overlay/overlay-container","name":"OverlayContainer"},{"__symbolic":"reference","module":"./overlay/overlay","name":"Overlay"},{"__symbolic":"reference","module":"./toastrService","name":"ToastrService"}]}}}}}}]