[{"__symbolic":"module","version":3,"metadata":{"ToastContainerDirective":{"__symbolic":"class","decorators":[{"__symbolic":"call","expression":{"__symbolic":"reference","module":"@angular/core","name":"Directive"},"arguments":[{"selector":"[toastContainer]","exportAs":"toastContainer"}]}],"members":{"__ctor__":[{"__symbolic":"constructor","parameters":[{"__symbolic":"reference","module":"@angular/core","name":"ElementRef"}]}],"getContainerElement":[{"__symbolic":"method"}]}},"ToastContainerModule":{"__symbolic":"class","decorators":[{"__symbolic":"call","expression":{"__symbolic":"reference","module":"@angular/core","name":"NgModule"},"arguments":[{"exports":[{"__symbolic":"reference","name":"ToastContainerDirective"}],"declarations":[{"__symbolic":"reference","name":"ToastContainerDirective"}]}]}],"statics":{"forRoot":{"__symbolic":"function","parameters":[],"value":{"ngModule":{"__symbolic":"reference","name":"ToastContainerModule"},"providers":[]}}}}}},{"__symbolic":"module","version":1,"metadata":{"ToastContainerDirective":{"__symbolic":"class","decorators":[{"__symbolic":"call","expression":{"__symbolic":"reference","module":"@angular/core","name":"Directive"},"arguments":[{"selector":"[toastContainer]","exportAs":"toastContainer"}]}],"members":{"__ctor__":[{"__symbolic":"constructor","parameters":[{"__symbolic":"reference","module":"@angular/core","name":"ElementRef"}]}],"getContainerElement":[{"__symbolic":"method"}]}},"ToastContainerModule":{"__symbolic":"class","decorators":[{"__symbolic":"call","expression":{"__symbolic":"reference","module":"@angular/core","name":"NgModule"},"arguments":[{"exports":[{"__symbolic":"reference","name":"ToastContainerDirective"}],"declarations":[{"__symbolic":"reference","name":"ToastContainerDirective"}]}]}],"statics":{"forRoot":{"__symbolic":"function","parameters":[],"value":{"ngModule":{"__symbolic":"reference","name":"ToastContainerModule"},"providers":[]}}}}}}]