[{"__symbolic":"module","version":3,"metadata":{"ToastConfig":{"__symbolic":"class","members":{"__ctor__":[{"__symbolic":"constructor","parameters":[{"__symbolic":"reference","name":"ToastConfig"}]}]}},"ToastrIconClasses":{"__symbolic":"class","decorators":[{"__symbolic":"call","expression":{"__symbolic":"reference","module":"@angular/core","name":"Injectable"}}]},"ToastrConfig":{"__symbolic":"class","extends":{"__symbolic":"reference","name":"ToastConfig"},"decorators":[{"__symbolic":"call","expression":{"__symbolic":"reference","module":"@angular/core","name":"Injectable"}}],"members":{"__ctor__":[{"__symbolic":"constructor","parameters":[{"__symbolic":"reference","name":"ToastrConfig"}]}]}},"ToastData":{"__symbolic":"class"}}},{"__symbolic":"module","version":1,"metadata":{"ToastConfig":{"__symbolic":"class","members":{"__ctor__":[{"__symbolic":"constructor","parameters":[{"__symbolic":"reference","name":"ToastConfig"}]}]}},"ToastrIconClasses":{"__symbolic":"class","decorators":[{"__symbolic":"call","expression":{"__symbolic":"reference","module":"@angular/core","name":"Injectable"}}]},"ToastrConfig":{"__symbolic":"class","extends":{"__symbolic":"reference","name":"ToastConfig"},"decorators":[{"__symbolic":"call","expression":{"__symbolic":"reference","module":"@angular/core","name":"Injectable"}}],"members":{"__ctor__":[{"__symbolic":"constructor","parameters":[{"__symbolic":"reference","name":"ToastrConfig"}]}]}},"ToastData":{"__symbolic":"class"}}}]