[{"__symbolic":"module","version":3,"metadata":{"ToastRef":{"__symbolic":"class","arity":1,"members":{"__ctor__":[{"__symbolic":"constructor","parameters":[{"__symbolic":"reference","module":"./overlay/overlay-ref","name":"OverlayRef"}]}],"manualClose":[{"__symbolic":"method"}],"manualClosed":[{"__symbolic":"method"}],"close":[{"__symbolic":"method"}],"afterClosed":[{"__symbolic":"method"}],"isInactive":[{"__symbolic":"method"}],"activate":[{"__symbolic":"method"}],"afterActivate":[{"__symbolic":"method"}]}},"ToastInjector":{"__symbolic":"class","members":{"__ctor__":[{"__symbolic":"constructor","parameters":[{"__symbolic":"reference","name":"ToastRef","arguments":[{"__symbolic":"reference","name":"any"}]},{"__symbolic":"reference","module":"./toastrConfig","name":"ToastData"},{"__symbolic":"reference","module":"@angular/core","name":"Injector"}]}],"get":[{"__symbolic":"method"}]}}}},{"__symbolic":"module","version":1,"metadata":{"ToastRef":{"__symbolic":"class","arity":1,"members":{"__ctor__":[{"__symbolic":"constructor","parameters":[{"__symbolic":"reference","module":"./overlay/overlay-ref","name":"OverlayRef"}]}],"manualClose":[{"__symbolic":"method"}],"manualClosed":[{"__symbolic":"method"}],"close":[{"__symbolic":"method"}],"afterClosed":[{"__symbolic":"method"}],"isInactive":[{"__symbolic":"method"}],"activate":[{"__symbolic":"method"}],"afterActivate":[{"__symbolic":"method"}]}},"ToastInjector":{"__symbolic":"class","members":{"__ctor__":[{"__symbolic":"constructor","parameters":[{"__symbolic":"reference","name":"ToastRef","arguments":[{"__symbolic":"reference","name":"any"}]},{"__symbolic":"reference","module":"./toastrConfig","name":"ToastData"},{"__symbolic":"reference","module":"@angular/core","name":"Injector"}]}],"get":[{"__symbolic":"method"}]}}}}]