[{"__symbolic":"module","version":3,"metadata":{"Diacritics":{"__symbolic":"class","statics":{"DIACRITICS":{"Ⓐ":"A","Ａ":"A","À":"A","Á":"A","Â":"A","Ầ":"A","Ấ":"A","Ẫ":"A","Ẩ":"A","Ã":"A","Ā":"A","Ă":"A","Ằ":"A","Ắ":"A","Ẵ":"A","Ẳ":"A","Ȧ":"A","Ǡ":"A","Ä":"A","Ǟ":"A","Ả":"A","Å":"A","Ǻ":"A","Ǎ":"A","Ȁ":"A","Ȃ":"A","Ạ":"A","Ậ":"A","Ặ":"A","Ḁ":"A","Ą":"A","Ⱥ":"A","Ɐ":"A","Ꜳ":"AA","Æ":"AE","Ǽ":"AE","Ǣ":"AE","Ꜵ":"AO","Ꜷ":"AU","Ꜹ":"AV","Ꜻ":"AV","Ꜽ":"AY","Ⓑ":"B","Ｂ":"B","Ḃ":"B","Ḅ":"B","Ḇ":"B","Ƀ":"B","Ƃ":"B","Ɓ":"B","Ⓒ":"C","Ｃ":"C","Ć":"C","Ĉ":"C","Ċ":"C","Č":"C","Ç":"C","Ḉ":"C","Ƈ":"C","Ȼ":"C","Ꜿ":"C","Ⓓ":"D","Ｄ":"D","Ḋ":"D","Ď":"D","Ḍ":"D","Ḑ":"D","Ḓ":"D","Ḏ":"D","Đ":"D","Ƌ":"D","Ɗ":"D","Ɖ":"D","Ꝺ":"D","Ǳ":"DZ","Ǆ":"DZ","ǲ":"Dz","ǅ":"Dz","Ⓔ":"E","Ｅ":"E","È":"E","É":"E","Ê":"E","Ề":"E","Ế":"E","Ễ":"E","Ể":"E","Ẽ":"E","Ē":"E","Ḕ":"E","Ḗ":"E","Ĕ":"E","Ė":"E","Ë":"E","Ẻ":"E","Ě":"E","Ȅ":"E","Ȇ":"E","Ẹ":"E","Ệ":"E","Ȩ":"E","Ḝ":"E","Ę":"E","Ḙ":"E","Ḛ":"E","Ɛ":"E","Ǝ":"E","Ⓕ":"F","Ｆ":"F","Ḟ":"F","Ƒ":"F","Ꝼ":"F","Ⓖ":"G","Ｇ":"G","Ǵ":"G","Ĝ":"G","Ḡ":"G","Ğ":"G","Ġ":"G","Ǧ":"G","Ģ":"G","Ǥ":"G","Ɠ":"G","Ꞡ":"G","Ᵹ":"G","Ꝿ":"G","Ⓗ":"H","Ｈ":"H","Ĥ":"H","Ḣ":"H","Ḧ":"H","Ȟ":"H","Ḥ":"H","Ḩ":"H","Ḫ":"H","Ħ":"H","Ⱨ":"H","Ⱶ":"H","Ɥ":"H","Ⓘ":"I","Ｉ":"I","Ì":"I","Í":"I","Î":"I","Ĩ":"I","Ī":"I","Ĭ":"I","İ":"I","Ï":"I","Ḯ":"I","Ỉ":"I","Ǐ":"I","Ȉ":"I","Ȋ":"I","Ị":"I","Į":"I","Ḭ":"I","Ɨ":"I","Ⓙ":"J","Ｊ":"J","Ĵ":"J","Ɉ":"J","Ⓚ":"K","Ｋ":"K","Ḱ":"K","Ǩ":"K","Ḳ":"K","Ķ":"K","Ḵ":"K","Ƙ":"K","Ⱪ":"K","Ꝁ":"K","Ꝃ":"K","Ꝅ":"K","Ꞣ":"K","Ⓛ":"L","Ｌ":"L","Ŀ":"L","Ĺ":"L","Ľ":"L","Ḷ":"L","Ḹ":"L","Ļ":"L","Ḽ":"L","Ḻ":"L","Ł":"L","Ƚ":"L","Ɫ":"L","Ⱡ":"L","Ꝉ":"L","Ꝇ":"L","Ꞁ":"L","Ǉ":"LJ","ǈ":"Lj","Ⓜ":"M","Ｍ":"M","Ḿ":"M","Ṁ":"M","Ṃ":"M","Ɱ":"M","Ɯ":"M","Ⓝ":"N","Ｎ":"N","Ǹ":"N","Ń":"N","Ñ":"N","Ṅ":"N","Ň":"N","Ṇ":"N","Ņ":"N","Ṋ":"N","Ṉ":"N","Ƞ":"N","Ɲ":"N","Ꞑ":"N","Ꞥ":"N","Ǌ":"NJ","ǋ":"Nj","Ⓞ":"O","Ｏ":"O","Ò":"O","Ó":"O","Ô":"O","Ồ":"O","Ố":"O","Ỗ":"O","Ổ":"O","Õ":"O","Ṍ":"O","Ȭ":"O","Ṏ":"O","Ō":"O","Ṑ":"O","Ṓ":"O","Ŏ":"O","Ȯ":"O","Ȱ":"O","Ö":"O","Ȫ":"O","Ỏ":"O","Ő":"O","Ǒ":"O","Ȍ":"O","Ȏ":"O","Ơ":"O","Ờ":"O","Ớ":"O","Ỡ":"O","Ở":"O","Ợ":"O","Ọ":"O","Ộ":"O","Ǫ":"O","Ǭ":"O","Ø":"O","Ǿ":"O","Ɔ":"O","Ɵ":"O","Ꝋ":"O","Ꝍ":"O","Ƣ":"OI","Ꝏ":"OO","Ȣ":"OU","Ⓟ":"P","Ｐ":"P","Ṕ":"P","Ṗ":"P","Ƥ":"P","Ᵽ":"P","Ꝑ":"P","Ꝓ":"P","Ꝕ":"P","Ⓠ":"Q","Ｑ":"Q","Ꝗ":"Q","Ꝙ":"Q","Ɋ":"Q","Ⓡ":"R","Ｒ":"R","Ŕ":"R","Ṙ":"R","Ř":"R","Ȑ":"R","Ȓ":"R","Ṛ":"R","Ṝ":"R","Ŗ":"R","Ṟ":"R","Ɍ":"R","Ɽ":"R","Ꝛ":"R","Ꞧ":"R","Ꞃ":"R","Ⓢ":"S","Ｓ":"S","ẞ":"S","Ś":"S","Ṥ":"S","Ŝ":"S","Ṡ":"S","Š":"S","Ṧ":"S","Ṣ":"S","Ṩ":"S","Ș":"S","Ş":"S","Ȿ":"S","Ꞩ":"S","Ꞅ":"S","Ⓣ":"T","Ｔ":"T","Ṫ":"T","Ť":"T","Ṭ":"T","Ț":"T","Ţ":"T","Ṱ":"T","Ṯ":"T","Ŧ":"T","Ƭ":"T","Ʈ":"T","Ⱦ":"T","Ꞇ":"T","Ꜩ":"TZ","Ⓤ":"U","Ｕ":"U","Ù":"U","Ú":"U","Û":"U","Ũ":"U","Ṹ":"U","Ū":"U","Ṻ":"U","Ŭ":"U","Ü":"U","Ǜ":"U","Ǘ":"U","Ǖ":"U","Ǚ":"U","Ủ":"U","Ů":"U","Ű":"U","Ǔ":"U","Ȕ":"U","Ȗ":"U","Ư":"U","Ừ":"U","Ứ":"U","Ữ":"U","Ử":"U","Ự":"U","Ụ":"U","Ṳ":"U","Ų":"U","Ṷ":"U","Ṵ":"U","Ʉ":"U","Ⓥ":"V","Ｖ":"V","Ṽ":"V","Ṿ":"V","Ʋ":"V","Ꝟ":"V","Ʌ":"V","Ꝡ":"VY","Ⓦ":"W","Ｗ":"W","Ẁ":"W","Ẃ":"W","Ŵ":"W","Ẇ":"W","Ẅ":"W","Ẉ":"W","Ⱳ":"W","Ⓧ":"X","Ｘ":"X","Ẋ":"X","Ẍ":"X","Ⓨ":"Y","Ｙ":"Y","Ỳ":"Y","Ý":"Y","Ŷ":"Y","Ỹ":"Y","Ȳ":"Y","Ẏ":"Y","Ÿ":"Y","Ỷ":"Y","Ỵ":"Y","Ƴ":"Y","Ɏ":"Y","Ỿ":"Y","Ⓩ":"Z","Ｚ":"Z","Ź":"Z","Ẑ":"Z","Ż":"Z","Ž":"Z","Ẓ":"Z","Ẕ":"Z","Ƶ":"Z","Ȥ":"Z","Ɀ":"Z","Ⱬ":"Z","Ꝣ":"Z","ⓐ":"a","ａ":"a","ẚ":"a","à":"a","á":"a","â":"a","ầ":"a","ấ":"a","ẫ":"a","ẩ":"a","ã":"a","ā":"a","ă":"a","ằ":"a","ắ":"a","ẵ":"a","ẳ":"a","ȧ":"a","ǡ":"a","ä":"a","ǟ":"a","ả":"a","å":"a","ǻ":"a","ǎ":"a","ȁ":"a","ȃ":"a","ạ":"a","ậ":"a","ặ":"a","ḁ":"a","ą":"a","ⱥ":"a","ɐ":"a","ꜳ":"aa","æ":"ae","ǽ":"ae","ǣ":"ae","ꜵ":"ao","ꜷ":"au","ꜹ":"av","ꜻ":"av","ꜽ":"ay","ⓑ":"b","ｂ":"b","ḃ":"b","ḅ":"b","ḇ":"b","ƀ":"b","ƃ":"b","ɓ":"b","ⓒ":"c","ｃ":"c","ć":"c","ĉ":"c","ċ":"c","č":"c","ç":"c","ḉ":"c","ƈ":"c","ȼ":"c","ꜿ":"c","ↄ":"c","ⓓ":"d","ｄ":"d","ḋ":"d","ď":"d","ḍ":"d","ḑ":"d","ḓ":"d","ḏ":"d","đ":"d","ƌ":"d","ɖ":"d","ɗ":"d","ꝺ":"d","ǳ":"dz","ǆ":"dz","ⓔ":"e","ｅ":"e","è":"e","é":"e","ê":"e","ề":"e","ế":"e","ễ":"e","ể":"e","ẽ":"e","ē":"e","ḕ":"e","ḗ":"e","ĕ":"e","ė":"e","ë":"e","ẻ":"e","ě":"e","ȅ":"e","ȇ":"e","ẹ":"e","ệ":"e","ȩ":"e","ḝ":"e","ę":"e","ḙ":"e","ḛ":"e","ɇ":"e","ɛ":"e","ǝ":"e","ⓕ":"f","ｆ":"f","ḟ":"f","ƒ":"f","ꝼ":"f","ⓖ":"g","ｇ":"g","ǵ":"g","ĝ":"g","ḡ":"g","ğ":"g","ġ":"g","ǧ":"g","ģ":"g","ǥ":"g","ɠ":"g","ꞡ":"g","ᵹ":"g","ꝿ":"g","ⓗ":"h","ｈ":"h","ĥ":"h","ḣ":"h","ḧ":"h","ȟ":"h","ḥ":"h","ḩ":"h","ḫ":"h","ẖ":"h","ħ":"h","ⱨ":"h","ⱶ":"h","ɥ":"h","ƕ":"hv","ⓘ":"i","ｉ":"i","ì":"i","í":"i","î":"i","ĩ":"i","ī":"i","ĭ":"i","ï":"i","ḯ":"i","ỉ":"i","ǐ":"i","ȉ":"i","ȋ":"i","ị":"i","į":"i","ḭ":"i","ɨ":"i","ı":"i","ⓙ":"j","ｊ":"j","ĵ":"j","ǰ":"j","ɉ":"j","ⓚ":"k","ｋ":"k","ḱ":"k","ǩ":"k","ḳ":"k","ķ":"k","ḵ":"k","ƙ":"k","ⱪ":"k","ꝁ":"k","ꝃ":"k","ꝅ":"k","ꞣ":"k","ⓛ":"l","ｌ":"l","ŀ":"l","ĺ":"l","ľ":"l","ḷ":"l","ḹ":"l","ļ":"l","ḽ":"l","ḻ":"l","ſ":"l","ł":"l","ƚ":"l","ɫ":"l","ⱡ":"l","ꝉ":"l","ꞁ":"l","ꝇ":"l","ǉ":"lj","ⓜ":"m","ｍ":"m","ḿ":"m","ṁ":"m","ṃ":"m","ɱ":"m","ɯ":"m","ⓝ":"n","ｎ":"n","ǹ":"n","ń":"n","ñ":"n","ṅ":"n","ň":"n","ṇ":"n","ņ":"n","ṋ":"n","ṉ":"n","ƞ":"n","ɲ":"n","ŉ":"n","ꞑ":"n","ꞥ":"n","ǌ":"nj","ⓞ":"o","ｏ":"o","ò":"o","ó":"o","ô":"o","ồ":"o","ố":"o","ỗ":"o","ổ":"o","õ":"o","ṍ":"o","ȭ":"o","ṏ":"o","ō":"o","ṑ":"o","ṓ":"o","ŏ":"o","ȯ":"o","ȱ":"o","ö":"o","ȫ":"o","ỏ":"o","ő":"o","ǒ":"o","ȍ":"o","ȏ":"o","ơ":"o","ờ":"o","ớ":"o","ỡ":"o","ở":"o","ợ":"o","ọ":"o","ộ":"o","ǫ":"o","ǭ":"o","ø":"o","ǿ":"o","ɔ":"o","ꝋ":"o","ꝍ":"o","ɵ":"o","ƣ":"oi","ȣ":"ou","ꝏ":"oo","ⓟ":"p","ｐ":"p","ṕ":"p","ṗ":"p","ƥ":"p","ᵽ":"p","ꝑ":"p","ꝓ":"p","ꝕ":"p","ⓠ":"q","ｑ":"q","ɋ":"q","ꝗ":"q","ꝙ":"q","ⓡ":"r","ｒ":"r","ŕ":"r","ṙ":"r","ř":"r","ȑ":"r","ȓ":"r","ṛ":"r","ṝ":"r","ŗ":"r","ṟ":"r","ɍ":"r","ɽ":"r","ꝛ":"r","ꞧ":"r","ꞃ":"r","ⓢ":"s","ｓ":"s","ß":"s","ś":"s","ṥ":"s","ŝ":"s","ṡ":"s","š":"s","ṧ":"s","ṣ":"s","ṩ":"s","ș":"s","ş":"s","ȿ":"s","ꞩ":"s","ꞅ":"s","ẛ":"s","ⓣ":"t","ｔ":"t","ṫ":"t","ẗ":"t","ť":"t","ṭ":"t","ț":"t","ţ":"t","ṱ":"t","ṯ":"t","ŧ":"t","ƭ":"t","ʈ":"t","ⱦ":"t","ꞇ":"t","ꜩ":"tz","ⓤ":"u","ｕ":"u","ù":"u","ú":"u","û":"u","ũ":"u","ṹ":"u","ū":"u","ṻ":"u","ŭ":"u","ü":"u","ǜ":"u","ǘ":"u","ǖ":"u","ǚ":"u","ủ":"u","ů":"u","ű":"u","ǔ":"u","ȕ":"u","ȗ":"u","ư":"u","ừ":"u","ứ":"u","ữ":"u","ử":"u","ự":"u","ụ":"u","ṳ":"u","ų":"u","ṷ":"u","ṵ":"u","ʉ":"u","ⓥ":"v","ｖ":"v","ṽ":"v","ṿ":"v","ʋ":"v","ꝟ":"v","ʌ":"v","ꝡ":"vy","ⓦ":"w","ｗ":"w","ẁ":"w","ẃ":"w","ŵ":"w","ẇ":"w","ẅ":"w","ẘ":"w","ẉ":"w","ⱳ":"w","ⓧ":"x","ｘ":"x","ẋ":"x","ẍ":"x","ⓨ":"y","ｙ":"y","ỳ":"y","ý":"y","ŷ":"y","ỹ":"y","ȳ":"y","ẏ":"y","ÿ":"y","ỷ":"y","ẙ":"y","ỵ":"y","ƴ":"y","ɏ":"y","ỿ":"y","ⓩ":"z","ｚ":"z","ź":"z","ẑ":"z","ż":"z","ž":"z","ẓ":"z","ẕ":"z","ƶ":"z","ȥ":"z","ɀ":"z","ⱬ":"z","ꝣ":"z","Ά":"Α","Έ":"Ε","Ή":"Η","Ί":"Ι","Ϊ":"Ι","Ό":"Ο","Ύ":"Υ","Ϋ":"Υ","Ώ":"Ω","ά":"α","έ":"ε","ή":"η","ί":"ι","ϊ":"ι","ΐ":"ι","ό":"ο","ύ":"υ","ϋ":"υ","ΰ":"υ","ω":"ω","ς":"σ","$quoted$":["Ⓐ","Ａ","À","Á","Â","Ầ","Ấ","Ẫ","Ẩ","Ã","Ā","Ă","Ằ","Ắ","Ẵ","Ẳ","Ȧ","Ǡ","Ä","Ǟ","Ả","Å","Ǻ","Ǎ","Ȁ","Ȃ","Ạ","Ậ","Ặ","Ḁ","Ą","Ⱥ","Ɐ","Ꜳ","Æ","Ǽ","Ǣ","Ꜵ","Ꜷ","Ꜹ","Ꜻ","Ꜽ","Ⓑ","Ｂ","Ḃ","Ḅ","Ḇ","Ƀ","Ƃ","Ɓ","Ⓒ","Ｃ","Ć","Ĉ","Ċ","Č","Ç","Ḉ","Ƈ","Ȼ","Ꜿ","Ⓓ","Ｄ","Ḋ","Ď","Ḍ","Ḑ","Ḓ","Ḏ","Đ","Ƌ","Ɗ","Ɖ","Ꝺ","Ǳ","Ǆ","ǲ","ǅ","Ⓔ","Ｅ","È","É","Ê","Ề","Ế","Ễ","Ể","Ẽ","Ē","Ḕ","Ḗ","Ĕ","Ė","Ë","Ẻ","Ě","Ȅ","Ȇ","Ẹ","Ệ","Ȩ","Ḝ","Ę","Ḙ","Ḛ","Ɛ","Ǝ","Ⓕ","Ｆ","Ḟ","Ƒ","Ꝼ","Ⓖ","Ｇ","Ǵ","Ĝ","Ḡ","Ğ","Ġ","Ǧ","Ģ","Ǥ","Ɠ","Ꞡ","Ᵹ","Ꝿ","Ⓗ","Ｈ","Ĥ","Ḣ","Ḧ","Ȟ","Ḥ","Ḩ","Ḫ","Ħ","Ⱨ","Ⱶ","Ɥ","Ⓘ","Ｉ","Ì","Í","Î","Ĩ","Ī","Ĭ","İ","Ï","Ḯ","Ỉ","Ǐ","Ȉ","Ȋ","Ị","Į","Ḭ","Ɨ","Ⓙ","Ｊ","Ĵ","Ɉ","Ⓚ","Ｋ","Ḱ","Ǩ","Ḳ","Ķ","Ḵ","Ƙ","Ⱪ","Ꝁ","Ꝃ","Ꝅ","Ꞣ","Ⓛ","Ｌ","Ŀ","Ĺ","Ľ","Ḷ","Ḹ","Ļ","Ḽ","Ḻ","Ł","Ƚ","Ɫ","Ⱡ","Ꝉ","Ꝇ","Ꞁ","Ǉ","ǈ","Ⓜ","Ｍ","Ḿ","Ṁ","Ṃ","Ɱ","Ɯ","Ⓝ","Ｎ","Ǹ","Ń","Ñ","Ṅ","Ň","Ṇ","Ņ","Ṋ","Ṉ","Ƞ","Ɲ","Ꞑ","Ꞥ","Ǌ","ǋ","Ⓞ","Ｏ","Ò","Ó","Ô","Ồ","Ố","Ỗ","Ổ","Õ","Ṍ","Ȭ","Ṏ","Ō","Ṑ","Ṓ","Ŏ","Ȯ","Ȱ","Ö","Ȫ","Ỏ","Ő","Ǒ","Ȍ","Ȏ","Ơ","Ờ","Ớ","Ỡ","Ở","Ợ","Ọ","Ộ","Ǫ","Ǭ","Ø","Ǿ","Ɔ","Ɵ","Ꝋ","Ꝍ","Ƣ","Ꝏ","Ȣ","Ⓟ","Ｐ","Ṕ","Ṗ","Ƥ","Ᵽ","Ꝑ","Ꝓ","Ꝕ","Ⓠ","Ｑ","Ꝗ","Ꝙ","Ɋ","Ⓡ","Ｒ","Ŕ","Ṙ","Ř","Ȑ","Ȓ","Ṛ","Ṝ","Ŗ","Ṟ","Ɍ","Ɽ","Ꝛ","Ꞧ","Ꞃ","Ⓢ","Ｓ","ẞ","Ś","Ṥ","Ŝ","Ṡ","Š","Ṧ","Ṣ","Ṩ","Ș","Ş","Ȿ","Ꞩ","Ꞅ","Ⓣ","Ｔ","Ṫ","Ť","Ṭ","Ț","Ţ","Ṱ","Ṯ","Ŧ","Ƭ","Ʈ","Ⱦ","Ꞇ","Ꜩ","Ⓤ","Ｕ","Ù","Ú","Û","Ũ","Ṹ","Ū","Ṻ","Ŭ","Ü","Ǜ","Ǘ","Ǖ","Ǚ","Ủ","Ů","Ű","Ǔ","Ȕ","Ȗ","Ư","Ừ","Ứ","Ữ","Ử","Ự","Ụ","Ṳ","Ų","Ṷ","Ṵ","Ʉ","Ⓥ","Ｖ","Ṽ","Ṿ","Ʋ","Ꝟ","Ʌ","Ꝡ","Ⓦ","Ｗ","Ẁ","Ẃ","Ŵ","Ẇ","Ẅ","Ẉ","Ⱳ","Ⓧ","Ｘ","Ẋ","Ẍ","Ⓨ","Ｙ","Ỳ","Ý","Ŷ","Ỹ","Ȳ","Ẏ","Ÿ","Ỷ","Ỵ","Ƴ","Ɏ","Ỿ","Ⓩ","Ｚ","Ź","Ẑ","Ż","Ž","Ẓ","Ẕ","Ƶ","Ȥ","Ɀ","Ⱬ","Ꝣ","ⓐ","ａ","ẚ","à","á","â","ầ","ấ","ẫ","ẩ","ã","ā","ă","ằ","ắ","ẵ","ẳ","ȧ","ǡ","ä","ǟ","ả","å","ǻ","ǎ","ȁ","ȃ","ạ","ậ","ặ","ḁ","ą","ⱥ","ɐ","ꜳ","æ","ǽ","ǣ","ꜵ","ꜷ","ꜹ","ꜻ","ꜽ","ⓑ","ｂ","ḃ","ḅ","ḇ","ƀ","ƃ","ɓ","ⓒ","ｃ","ć","ĉ","ċ","č","ç","ḉ","ƈ","ȼ","ꜿ","ↄ","ⓓ","ｄ","ḋ","ď","ḍ","ḑ","ḓ","ḏ","đ","ƌ","ɖ","ɗ","ꝺ","ǳ","ǆ","ⓔ","ｅ","è","é","ê","ề","ế","ễ","ể","ẽ","ē","ḕ","ḗ","ĕ","ė","ë","ẻ","ě","ȅ","ȇ","ẹ","ệ","ȩ","ḝ","ę","ḙ","ḛ","ɇ","ɛ","ǝ","ⓕ","ｆ","ḟ","ƒ","ꝼ","ⓖ","ｇ","ǵ","ĝ","ḡ","ğ","ġ","ǧ","ģ","ǥ","ɠ","ꞡ","ᵹ","ꝿ","ⓗ","ｈ","ĥ","ḣ","ḧ","ȟ","ḥ","ḩ","ḫ","ẖ","ħ","ⱨ","ⱶ","ɥ","ƕ","ⓘ","ｉ","ì","í","î","ĩ","ī","ĭ","ï","ḯ","ỉ","ǐ","ȉ","ȋ","ị","į","ḭ","ɨ","ı","ⓙ","ｊ","ĵ","ǰ","ɉ","ⓚ","ｋ","ḱ","ǩ","ḳ","ķ","ḵ","ƙ","ⱪ","ꝁ","ꝃ","ꝅ","ꞣ","ⓛ","ｌ","ŀ","ĺ","ľ","ḷ","ḹ","ļ","ḽ","ḻ","ſ","ł","ƚ","ɫ","ⱡ","ꝉ","ꞁ","ꝇ","ǉ","ⓜ","ｍ","ḿ","ṁ","ṃ","ɱ","ɯ","ⓝ","ｎ","ǹ","ń","ñ","ṅ","ň","ṇ","ņ","ṋ","ṉ","ƞ","ɲ","ŉ","ꞑ","ꞥ","ǌ","ⓞ","ｏ","ò","ó","ô","ồ","ố","ỗ","ổ","õ","ṍ","ȭ","ṏ","ō","ṑ","ṓ","ŏ","ȯ","ȱ","ö","ȫ","ỏ","ő","ǒ","ȍ","ȏ","ơ","ờ","ớ","ỡ","ở","ợ","ọ","ộ","ǫ","ǭ","ø","ǿ","ɔ","ꝋ","ꝍ","ɵ","ƣ","ȣ","ꝏ","ⓟ","ｐ","ṕ","ṗ","ƥ","ᵽ","ꝑ","ꝓ","ꝕ","ⓠ","ｑ","ɋ","ꝗ","ꝙ","ⓡ","ｒ","ŕ","ṙ","ř","ȑ","ȓ","ṛ","ṝ","ŗ","ṟ","ɍ","ɽ","ꝛ","ꞧ","ꞃ","ⓢ","ｓ","ß","ś","ṥ","ŝ","ṡ","š","ṧ","ṣ","ṩ","ș","ş","ȿ","ꞩ","ꞅ","ẛ","ⓣ","ｔ","ṫ","ẗ","ť","ṭ","ț","ţ","ṱ","ṯ","ŧ","ƭ","ʈ","ⱦ","ꞇ","ꜩ","ⓤ","ｕ","ù","ú","û","ũ","ṹ","ū","ṻ","ŭ","ü","ǜ","ǘ","ǖ","ǚ","ủ","ů","ű","ǔ","ȕ","ȗ","ư","ừ","ứ","ữ","ử","ự","ụ","ṳ","ų","ṷ","ṵ","ʉ","ⓥ","ｖ","ṽ","ṿ","ʋ","ꝟ","ʌ","ꝡ","ⓦ","ｗ","ẁ","ẃ","ŵ","ẇ","ẅ","ẘ","ẉ","ⱳ","ⓧ","ｘ","ẋ","ẍ","ⓨ","ｙ","ỳ","ý","ŷ","ỹ","ȳ","ẏ","ÿ","ỷ","ẙ","ỵ","ƴ","ɏ","ỿ","ⓩ","ｚ","ź","ẑ","ż","ž","ẓ","ẕ","ƶ","ȥ","ɀ","ⱬ","ꝣ","Ά","Έ","Ή","Ί","Ϊ","Ό","Ύ","Ϋ","Ώ","ά","έ","ή","ί","ϊ","ΐ","ό","ύ","ϋ","ΰ","ω","ς"]}}}}},{"__symbolic":"module","version":1,"metadata":{"Diacritics":{"__symbolic":"class","statics":{"DIACRITICS":{"Ⓐ":"A","Ａ":"A","À":"A","Á":"A","Â":"A","Ầ":"A","Ấ":"A","Ẫ":"A","Ẩ":"A","Ã":"A","Ā":"A","Ă":"A","Ằ":"A","Ắ":"A","Ẵ":"A","Ẳ":"A","Ȧ":"A","Ǡ":"A","Ä":"A","Ǟ":"A","Ả":"A","Å":"A","Ǻ":"A","Ǎ":"A","Ȁ":"A","Ȃ":"A","Ạ":"A","Ậ":"A","Ặ":"A","Ḁ":"A","Ą":"A","Ⱥ":"A","Ɐ":"A","Ꜳ":"AA","Æ":"AE","Ǽ":"AE","Ǣ":"AE","Ꜵ":"AO","Ꜷ":"AU","Ꜹ":"AV","Ꜻ":"AV","Ꜽ":"AY","Ⓑ":"B","Ｂ":"B","Ḃ":"B","Ḅ":"B","Ḇ":"B","Ƀ":"B","Ƃ":"B","Ɓ":"B","Ⓒ":"C","Ｃ":"C","Ć":"C","Ĉ":"C","Ċ":"C","Č":"C","Ç":"C","Ḉ":"C","Ƈ":"C","Ȼ":"C","Ꜿ":"C","Ⓓ":"D","Ｄ":"D","Ḋ":"D","Ď":"D","Ḍ":"D","Ḑ":"D","Ḓ":"D","Ḏ":"D","Đ":"D","Ƌ":"D","Ɗ":"D","Ɖ":"D","Ꝺ":"D","Ǳ":"DZ","Ǆ":"DZ","ǲ":"Dz","ǅ":"Dz","Ⓔ":"E","Ｅ":"E","È":"E","É":"E","Ê":"E","Ề":"E","Ế":"E","Ễ":"E","Ể":"E","Ẽ":"E","Ē":"E","Ḕ":"E","Ḗ":"E","Ĕ":"E","Ė":"E","Ë":"E","Ẻ":"E","Ě":"E","Ȅ":"E","Ȇ":"E","Ẹ":"E","Ệ":"E","Ȩ":"E","Ḝ":"E","Ę":"E","Ḙ":"E","Ḛ":"E","Ɛ":"E","Ǝ":"E","Ⓕ":"F","Ｆ":"F","Ḟ":"F","Ƒ":"F","Ꝼ":"F","Ⓖ":"G","Ｇ":"G","Ǵ":"G","Ĝ":"G","Ḡ":"G","Ğ":"G","Ġ":"G","Ǧ":"G","Ģ":"G","Ǥ":"G","Ɠ":"G","Ꞡ":"G","Ᵹ":"G","Ꝿ":"G","Ⓗ":"H","Ｈ":"H","Ĥ":"H","Ḣ":"H","Ḧ":"H","Ȟ":"H","Ḥ":"H","Ḩ":"H","Ḫ":"H","Ħ":"H","Ⱨ":"H","Ⱶ":"H","Ɥ":"H","Ⓘ":"I","Ｉ":"I","Ì":"I","Í":"I","Î":"I","Ĩ":"I","Ī":"I","Ĭ":"I","İ":"I","Ï":"I","Ḯ":"I","Ỉ":"I","Ǐ":"I","Ȉ":"I","Ȋ":"I","Ị":"I","Į":"I","Ḭ":"I","Ɨ":"I","Ⓙ":"J","Ｊ":"J","Ĵ":"J","Ɉ":"J","Ⓚ":"K","Ｋ":"K","Ḱ":"K","Ǩ":"K","Ḳ":"K","Ķ":"K","Ḵ":"K","Ƙ":"K","Ⱪ":"K","Ꝁ":"K","Ꝃ":"K","Ꝅ":"K","Ꞣ":"K","Ⓛ":"L","Ｌ":"L","Ŀ":"L","Ĺ":"L","Ľ":"L","Ḷ":"L","Ḹ":"L","Ļ":"L","Ḽ":"L","Ḻ":"L","Ł":"L","Ƚ":"L","Ɫ":"L","Ⱡ":"L","Ꝉ":"L","Ꝇ":"L","Ꞁ":"L","Ǉ":"LJ","ǈ":"Lj","Ⓜ":"M","Ｍ":"M","Ḿ":"M","Ṁ":"M","Ṃ":"M","Ɱ":"M","Ɯ":"M","Ⓝ":"N","Ｎ":"N","Ǹ":"N","Ń":"N","Ñ":"N","Ṅ":"N","Ň":"N","Ṇ":"N","Ņ":"N","Ṋ":"N","Ṉ":"N","Ƞ":"N","Ɲ":"N","Ꞑ":"N","Ꞥ":"N","Ǌ":"NJ","ǋ":"Nj","Ⓞ":"O","Ｏ":"O","Ò":"O","Ó":"O","Ô":"O","Ồ":"O","Ố":"O","Ỗ":"O","Ổ":"O","Õ":"O","Ṍ":"O","Ȭ":"O","Ṏ":"O","Ō":"O","Ṑ":"O","Ṓ":"O","Ŏ":"O","Ȯ":"O","Ȱ":"O","Ö":"O","Ȫ":"O","Ỏ":"O","Ő":"O","Ǒ":"O","Ȍ":"O","Ȏ":"O","Ơ":"O","Ờ":"O","Ớ":"O","Ỡ":"O","Ở":"O","Ợ":"O","Ọ":"O","Ộ":"O","Ǫ":"O","Ǭ":"O","Ø":"O","Ǿ":"O","Ɔ":"O","Ɵ":"O","Ꝋ":"O","Ꝍ":"O","Ƣ":"OI","Ꝏ":"OO","Ȣ":"OU","Ⓟ":"P","Ｐ":"P","Ṕ":"P","Ṗ":"P","Ƥ":"P","Ᵽ":"P","Ꝑ":"P","Ꝓ":"P","Ꝕ":"P","Ⓠ":"Q","Ｑ":"Q","Ꝗ":"Q","Ꝙ":"Q","Ɋ":"Q","Ⓡ":"R","Ｒ":"R","Ŕ":"R","Ṙ":"R","Ř":"R","Ȑ":"R","Ȓ":"R","Ṛ":"R","Ṝ":"R","Ŗ":"R","Ṟ":"R","Ɍ":"R","Ɽ":"R","Ꝛ":"R","Ꞧ":"R","Ꞃ":"R","Ⓢ":"S","Ｓ":"S","ẞ":"S","Ś":"S","Ṥ":"S","Ŝ":"S","Ṡ":"S","Š":"S","Ṧ":"S","Ṣ":"S","Ṩ":"S","Ș":"S","Ş":"S","Ȿ":"S","Ꞩ":"S","Ꞅ":"S","Ⓣ":"T","Ｔ":"T","Ṫ":"T","Ť":"T","Ṭ":"T","Ț":"T","Ţ":"T","Ṱ":"T","Ṯ":"T","Ŧ":"T","Ƭ":"T","Ʈ":"T","Ⱦ":"T","Ꞇ":"T","Ꜩ":"TZ","Ⓤ":"U","Ｕ":"U","Ù":"U","Ú":"U","Û":"U","Ũ":"U","Ṹ":"U","Ū":"U","Ṻ":"U","Ŭ":"U","Ü":"U","Ǜ":"U","Ǘ":"U","Ǖ":"U","Ǚ":"U","Ủ":"U","Ů":"U","Ű":"U","Ǔ":"U","Ȕ":"U","Ȗ":"U","Ư":"U","Ừ":"U","Ứ":"U","Ữ":"U","Ử":"U","Ự":"U","Ụ":"U","Ṳ":"U","Ų":"U","Ṷ":"U","Ṵ":"U","Ʉ":"U","Ⓥ":"V","Ｖ":"V","Ṽ":"V","Ṿ":"V","Ʋ":"V","Ꝟ":"V","Ʌ":"V","Ꝡ":"VY","Ⓦ":"W","Ｗ":"W","Ẁ":"W","Ẃ":"W","Ŵ":"W","Ẇ":"W","Ẅ":"W","Ẉ":"W","Ⱳ":"W","Ⓧ":"X","Ｘ":"X","Ẋ":"X","Ẍ":"X","Ⓨ":"Y","Ｙ":"Y","Ỳ":"Y","Ý":"Y","Ŷ":"Y","Ỹ":"Y","Ȳ":"Y","Ẏ":"Y","Ÿ":"Y","Ỷ":"Y","Ỵ":"Y","Ƴ":"Y","Ɏ":"Y","Ỿ":"Y","Ⓩ":"Z","Ｚ":"Z","Ź":"Z","Ẑ":"Z","Ż":"Z","Ž":"Z","Ẓ":"Z","Ẕ":"Z","Ƶ":"Z","Ȥ":"Z","Ɀ":"Z","Ⱬ":"Z","Ꝣ":"Z","ⓐ":"a","ａ":"a","ẚ":"a","à":"a","á":"a","â":"a","ầ":"a","ấ":"a","ẫ":"a","ẩ":"a","ã":"a","ā":"a","ă":"a","ằ":"a","ắ":"a","ẵ":"a","ẳ":"a","ȧ":"a","ǡ":"a","ä":"a","ǟ":"a","ả":"a","å":"a","ǻ":"a","ǎ":"a","ȁ":"a","ȃ":"a","ạ":"a","ậ":"a","ặ":"a","ḁ":"a","ą":"a","ⱥ":"a","ɐ":"a","ꜳ":"aa","æ":"ae","ǽ":"ae","ǣ":"ae","ꜵ":"ao","ꜷ":"au","ꜹ":"av","ꜻ":"av","ꜽ":"ay","ⓑ":"b","ｂ":"b","ḃ":"b","ḅ":"b","ḇ":"b","ƀ":"b","ƃ":"b","ɓ":"b","ⓒ":"c","ｃ":"c","ć":"c","ĉ":"c","ċ":"c","č":"c","ç":"c","ḉ":"c","ƈ":"c","ȼ":"c","ꜿ":"c","ↄ":"c","ⓓ":"d","ｄ":"d","ḋ":"d","ď":"d","ḍ":"d","ḑ":"d","ḓ":"d","ḏ":"d","đ":"d","ƌ":"d","ɖ":"d","ɗ":"d","ꝺ":"d","ǳ":"dz","ǆ":"dz","ⓔ":"e","ｅ":"e","è":"e","é":"e","ê":"e","ề":"e","ế":"e","ễ":"e","ể":"e","ẽ":"e","ē":"e","ḕ":"e","ḗ":"e","ĕ":"e","ė":"e","ë":"e","ẻ":"e","ě":"e","ȅ":"e","ȇ":"e","ẹ":"e","ệ":"e","ȩ":"e","ḝ":"e","ę":"e","ḙ":"e","ḛ":"e","ɇ":"e","ɛ":"e","ǝ":"e","ⓕ":"f","ｆ":"f","ḟ":"f","ƒ":"f","ꝼ":"f","ⓖ":"g","ｇ":"g","ǵ":"g","ĝ":"g","ḡ":"g","ğ":"g","ġ":"g","ǧ":"g","ģ":"g","ǥ":"g","ɠ":"g","ꞡ":"g","ᵹ":"g","ꝿ":"g","ⓗ":"h","ｈ":"h","ĥ":"h","ḣ":"h","ḧ":"h","ȟ":"h","ḥ":"h","ḩ":"h","ḫ":"h","ẖ":"h","ħ":"h","ⱨ":"h","ⱶ":"h","ɥ":"h","ƕ":"hv","ⓘ":"i","ｉ":"i","ì":"i","í":"i","î":"i","ĩ":"i","ī":"i","ĭ":"i","ï":"i","ḯ":"i","ỉ":"i","ǐ":"i","ȉ":"i","ȋ":"i","ị":"i","į":"i","ḭ":"i","ɨ":"i","ı":"i","ⓙ":"j","ｊ":"j","ĵ":"j","ǰ":"j","ɉ":"j","ⓚ":"k","ｋ":"k","ḱ":"k","ǩ":"k","ḳ":"k","ķ":"k","ḵ":"k","ƙ":"k","ⱪ":"k","ꝁ":"k","ꝃ":"k","ꝅ":"k","ꞣ":"k","ⓛ":"l","ｌ":"l","ŀ":"l","ĺ":"l","ľ":"l","ḷ":"l","ḹ":"l","ļ":"l","ḽ":"l","ḻ":"l","ſ":"l","ł":"l","ƚ":"l","ɫ":"l","ⱡ":"l","ꝉ":"l","ꞁ":"l","ꝇ":"l","ǉ":"lj","ⓜ":"m","ｍ":"m","ḿ":"m","ṁ":"m","ṃ":"m","ɱ":"m","ɯ":"m","ⓝ":"n","ｎ":"n","ǹ":"n","ń":"n","ñ":"n","ṅ":"n","ň":"n","ṇ":"n","ņ":"n","ṋ":"n","ṉ":"n","ƞ":"n","ɲ":"n","ŉ":"n","ꞑ":"n","ꞥ":"n","ǌ":"nj","ⓞ":"o","ｏ":"o","ò":"o","ó":"o","ô":"o","ồ":"o","ố":"o","ỗ":"o","ổ":"o","õ":"o","ṍ":"o","ȭ":"o","ṏ":"o","ō":"o","ṑ":"o","ṓ":"o","ŏ":"o","ȯ":"o","ȱ":"o","ö":"o","ȫ":"o","ỏ":"o","ő":"o","ǒ":"o","ȍ":"o","ȏ":"o","ơ":"o","ờ":"o","ớ":"o","ỡ":"o","ở":"o","ợ":"o","ọ":"o","ộ":"o","ǫ":"o","ǭ":"o","ø":"o","ǿ":"o","ɔ":"o","ꝋ":"o","ꝍ":"o","ɵ":"o","ƣ":"oi","ȣ":"ou","ꝏ":"oo","ⓟ":"p","ｐ":"p","ṕ":"p","ṗ":"p","ƥ":"p","ᵽ":"p","ꝑ":"p","ꝓ":"p","ꝕ":"p","ⓠ":"q","ｑ":"q","ɋ":"q","ꝗ":"q","ꝙ":"q","ⓡ":"r","ｒ":"r","ŕ":"r","ṙ":"r","ř":"r","ȑ":"r","ȓ":"r","ṛ":"r","ṝ":"r","ŗ":"r","ṟ":"r","ɍ":"r","ɽ":"r","ꝛ":"r","ꞧ":"r","ꞃ":"r","ⓢ":"s","ｓ":"s","ß":"s","ś":"s","ṥ":"s","ŝ":"s","ṡ":"s","š":"s","ṧ":"s","ṣ":"s","ṩ":"s","ș":"s","ş":"s","ȿ":"s","ꞩ":"s","ꞅ":"s","ẛ":"s","ⓣ":"t","ｔ":"t","ṫ":"t","ẗ":"t","ť":"t","ṭ":"t","ț":"t","ţ":"t","ṱ":"t","ṯ":"t","ŧ":"t","ƭ":"t","ʈ":"t","ⱦ":"t","ꞇ":"t","ꜩ":"tz","ⓤ":"u","ｕ":"u","ù":"u","ú":"u","û":"u","ũ":"u","ṹ":"u","ū":"u","ṻ":"u","ŭ":"u","ü":"u","ǜ":"u","ǘ":"u","ǖ":"u","ǚ":"u","ủ":"u","ů":"u","ű":"u","ǔ":"u","ȕ":"u","ȗ":"u","ư":"u","ừ":"u","ứ":"u","ữ":"u","ử":"u","ự":"u","ụ":"u","ṳ":"u","ų":"u","ṷ":"u","ṵ":"u","ʉ":"u","ⓥ":"v","ｖ":"v","ṽ":"v","ṿ":"v","ʋ":"v","ꝟ":"v","ʌ":"v","ꝡ":"vy","ⓦ":"w","ｗ":"w","ẁ":"w","ẃ":"w","ŵ":"w","ẇ":"w","ẅ":"w","ẘ":"w","ẉ":"w","ⱳ":"w","ⓧ":"x","ｘ":"x","ẋ":"x","ẍ":"x","ⓨ":"y","ｙ":"y","ỳ":"y","ý":"y","ŷ":"y","ỹ":"y","ȳ":"y","ẏ":"y","ÿ":"y","ỷ":"y","ẙ":"y","ỵ":"y","ƴ":"y","ɏ":"y","ỿ":"y","ⓩ":"z","ｚ":"z","ź":"z","ẑ":"z","ż":"z","ž":"z","ẓ":"z","ẕ":"z","ƶ":"z","ȥ":"z","ɀ":"z","ⱬ":"z","ꝣ":"z","Ά":"Α","Έ":"Ε","Ή":"Η","Ί":"Ι","Ϊ":"Ι","Ό":"Ο","Ύ":"Υ","Ϋ":"Υ","Ώ":"Ω","ά":"α","έ":"ε","ή":"η","ί":"ι","ϊ":"ι","ΐ":"ι","ό":"ο","ύ":"υ","ϋ":"υ","ΰ":"υ","ω":"ω","ς":"σ"}}}}}]