[{"__symbolic":"module","version":3,"metadata":{},"exports":[{"from":"./diacritics"},{"from":"./option"},{"from":"./optionInterface"},{"from":"./optionList"},{"from":"./selectComponent"},{"from":"./selectDropdownComponent"},{"from":"./selectModule"}]},{"__symbolic":"module","version":1,"metadata":{},"exports":[{"from":"./diacritics"},{"from":"./option"},{"from":"./optionInterface"},{"from":"./optionList"},{"from":"./selectComponent"},{"from":"./selectDropdownComponent"},{"from":"./selectModule"}]}]