[{"__symbolic":"module","version":3,"metadata":{"OptionList":{"__symbolic":"class","members":{"__ctor__":[{"__symbolic":"constructor","parameters":[{"__symbolic":"reference","name":"Array","arguments":[{"__symbolic":"reference","module":"./optionInterface","name":"IOption"}]}]}],"getOptionsByValue":[{"__symbolic":"method"}],"select":[{"__symbolic":"method"}],"deselect":[{"__symbolic":"method"}],"clearSelection":[{"__symbolic":"method"}],"filter":[{"__symbolic":"method"}],"resetFilter":[{"__symbolic":"method"}],"highlight":[{"__symbolic":"method"}],"highlightOption":[{"__symbolic":"method"}],"highlightNextOption":[{"__symbolic":"method"}],"highlightPreviousOption":[{"__symbolic":"method"}],"clearHighlightedOption":[{"__symbolic":"method"}],"getHighlightedIndexFromList":[{"__symbolic":"method"}],"getHighlightedIndex":[{"__symbolic":"method"}],"hasSelected":[{"__symbolic":"method"}],"hasShownSelected":[{"__symbolic":"method"}],"getFirstShown":[{"__symbolic":"method"}],"getFirstShownSelected":[{"__symbolic":"method"}]}}}},{"__symbolic":"module","version":1,"metadata":{"OptionList":{"__symbolic":"class","members":{"__ctor__":[{"__symbolic":"constructor","parameters":[{"__symbolic":"reference","name":"Array","arguments":[{"__symbolic":"reference","module":"./optionInterface","name":"IOption"}]}]}],"getOptionsByValue":[{"__symbolic":"method"}],"select":[{"__symbolic":"method"}],"deselect":[{"__symbolic":"method"}],"clearSelection":[{"__symbolic":"method"}],"filter":[{"__symbolic":"method"}],"resetFilter":[{"__symbolic":"method"}],"highlight":[{"__symbolic":"method"}],"highlightOption":[{"__symbolic":"method"}],"highlightNextOption":[{"__symbolic":"method"}],"highlightPreviousOption":[{"__symbolic":"method"}],"clearHighlightedOption":[{"__symbolic":"method"}],"getHighlightedIndexFromList":[{"__symbolic":"method"}],"getHighlightedIndex":[{"__symbolic":"method"}],"hasSelected":[{"__symbolic":"method"}],"hasShownSelected":[{"__symbolic":"method"}],"getFirstShown":[{"__symbolic":"method"}],"getFirstShownSelected":[{"__symbolic":"method"}]}}}}]