[{"__symbolic":"module","version":3,"metadata":{"SelectModule":{"__symbolic":"class","decorators":[{"__symbolic":"call","expression":{"__symbolic":"reference","module":"@angular/core","name":"NgModule"},"arguments":[{"declarations":[{"__symbolic":"reference","module":"./selectComponent","name":"SelectComponent"},{"__symbolic":"reference","module":"./selectDropdownComponent","name":"SelectDropdownComponent"}],"exports":[{"__symbolic":"reference","module":"./selectComponent","name":"SelectComponent"}],"imports":[{"__symbolic":"reference","module":"@angular/common","name":"CommonModule"},{"__symbolic":"reference","module":"@angular/forms","name":"FormsModule"}]}]}]}},"exports":[{"from":"./optionInterface"},{"from":"./selectComponent"}]},{"__symbolic":"module","version":1,"metadata":{"SelectModule":{"__symbolic":"class","decorators":[{"__symbolic":"call","expression":{"__symbolic":"reference","module":"@angular/core","name":"NgModule"},"arguments":[{"declarations":[{"__symbolic":"reference","module":"./selectComponent","name":"SelectComponent"},{"__symbolic":"reference","module":"./selectDropdownComponent","name":"SelectDropdownComponent"}],"exports":[{"__symbolic":"reference","module":"./selectComponent","name":"SelectComponent"}],"imports":[{"__symbolic":"reference","module":"@angular/common","name":"CommonModule"},{"__symbolic":"reference","module":"@angular/forms","name":"FormsModule"}]}]}]}},"exports":[{"from":"./optionInterface"},{"from":"./selectComponent"}]}]