[{"__symbolic":"module","version":3,"metadata":{"SELECT_VALUE_ACCESSOR":{"provide":{"__symbolic":"reference","module":"@angular/forms","name":"NG_VALUE_ACCESSOR"},"useExisting":{"__symbolic":"reference","name":"SelectComponent"},"multi":true},"SelectComponent":{"__symbolic":"class","decorators":[{"__symbolic":"call","expression":{"__symbolic":"reference","module":"@angular/core","name":"Component"},"arguments":[{"selector":"ng-select","template":"\n        <label *ngIf=\"label !== ''\">\n            {{label}}\n        </label>\n        <div\n            #selection\n            [attr.tabindex]=\"disabled ? null : 0\"\n            [ngClass]=\"{'open': isOpen, 'focus': hasFocus, 'below': isBelow, 'disabled': disabled}\"\n            (click)=\"onSelectContainerClick($event)\"\n            (focus)=\"onSelectContainerFocus()\"\n            (keydown)=\"onSelectContainerKeydown($event)\"\n            (window:click)=\"onWindowClick()\"\n            (window:resize)=\"onWindowResize()\">\n\n            <div class=\"single\"\n                *ngIf=\"!multiple\">\n                <div class=\"value\"\n                    *ngIf=\"optionList.hasSelected()\">\n                    {{optionList.selection[0].label}}\n                </div>\n                <div class=\"placeholder\"\n                    *ngIf=\"!optionList.hasSelected()\">\n                    {{placeholderView}}\n                </div>\n                <div class=\"clear\"\n                    *ngIf=\"allowClear && hasSelected\"\n                    (click)=\"onClearSelectionClick($event)\">\n                    &#x2715;\n                </div>\n                <div class=\"toggle\"\n                    *ngIf=\"isOpen\">\n                    &#x25B2;\n                </div>\n                <div class=\"toggle\"\n                    *ngIf=\"!isOpen\">\n                    &#x25BC;\n                </div>\n            </div>\n\n            <div class=\"multiple\"\n                *ngIf=\"multiple\">\n                <div class=\"placeholder\"\n                    *ngIf=\"!optionList.hasSelected()\">\n                    {{placeholderView}}\n                </div>\n\n                <div class=\"option\" \n                    *ngFor=\"let option of optionList.selection\">\n                    <span class=\"deselect-option\">, </span>{{option.label}}\n                </div>\n                \n                <div class=\"toggle\"\n                    *ngIf=\"isOpen\">\n                    &#x25B2;\n                </div>\n                <div class=\"toggle\"\n                    *ngIf=\"!isOpen\">\n                    &#x25BC;\n                </div>\n                \n            </div>\n\n        </div>\n        <select-dropdown\n            *ngIf=\"isOpen\"\n            #dropdown\n            [multiple]=\"multiple\"\n            [optionList]=\"optionList\"\n            [notFoundMsg]=\"notFoundMsg\"\n            [highlightColor]=\"highlightColor\"\n            [highlightTextColor]=\"highlightTextColor\"\n            [filterEnabled]=\"filterEnabled\"\n            [placeholder]=\"filterPlaceholder\"\n            [top]=\"top\"\n            [left]=\"left\"\n            (close)=\"onDropdownClose($event)\"\n            (optionClicked)=\"onDropdownOptionClicked($event)\"\n            (singleFilterClick)=\"onSingleFilterClick()\"\n            (singleFilterInput)=\"onSingleFilterInput($event)\"\n            (singleFilterKeydown)=\"onSingleFilterKeydown($event)\">\n        </select-dropdown>\n\n    ","providers":[{"__symbolic":"reference","name":"SELECT_VALUE_ACCESSOR"}],"encapsulation":{"__symbolic":"select","expression":{"__symbolic":"reference","module":"@angular/core","name":"ViewEncapsulation"},"member":"None"},"host":{"(document:click)":"closeSelect($event)","$quoted$":["(document:click)"]}}]}],"members":{"options":[{"__symbolic":"property","decorators":[{"__symbolic":"call","expression":{"__symbolic":"reference","module":"@angular/core","name":"Input"}}]}],"allowClear":[{"__symbolic":"property","decorators":[{"__symbolic":"call","expression":{"__symbolic":"reference","module":"@angular/core","name":"Input"}}]}],"disabled":[{"__symbolic":"property","decorators":[{"__symbolic":"call","expression":{"__symbolic":"reference","module":"@angular/core","name":"Input"}}]}],"highlightColor":[{"__symbolic":"property","decorators":[{"__symbolic":"call","expression":{"__symbolic":"reference","module":"@angular/core","name":"Input"}}]}],"highlightTextColor":[{"__symbolic":"property","decorators":[{"__symbolic":"call","expression":{"__symbolic":"reference","module":"@angular/core","name":"Input"}}]}],"multiple":[{"__symbolic":"property","decorators":[{"__symbolic":"call","expression":{"__symbolic":"reference","module":"@angular/core","name":"Input"}}]}],"noFilter":[{"__symbolic":"property","decorators":[{"__symbolic":"call","expression":{"__symbolic":"reference","module":"@angular/core","name":"Input"}}]}],"notFoundMsg":[{"__symbolic":"property","decorators":[{"__symbolic":"call","expression":{"__symbolic":"reference","module":"@angular/core","name":"Input"}}]}],"placeholder":[{"__symbolic":"property","decorators":[{"__symbolic":"call","expression":{"__symbolic":"reference","module":"@angular/core","name":"Input"}}]}],"filterPlaceholder":[{"__symbolic":"property","decorators":[{"__symbolic":"call","expression":{"__symbolic":"reference","module":"@angular/core","name":"Input"}}]}],"label":[{"__symbolic":"property","decorators":[{"__symbolic":"call","expression":{"__symbolic":"reference","module":"@angular/core","name":"Input"}}]}],"filterEnabled":[{"__symbolic":"property","decorators":[{"__symbolic":"call","expression":{"__symbolic":"reference","module":"@angular/core","name":"Input"}}]}],"opened":[{"__symbolic":"property","decorators":[{"__symbolic":"call","expression":{"__symbolic":"reference","module":"@angular/core","name":"Output"}}]}],"closed":[{"__symbolic":"property","decorators":[{"__symbolic":"call","expression":{"__symbolic":"reference","module":"@angular/core","name":"Output"}}]}],"selected":[{"__symbolic":"property","decorators":[{"__symbolic":"call","expression":{"__symbolic":"reference","module":"@angular/core","name":"Output"}}]}],"deselected":[{"__symbolic":"property","decorators":[{"__symbolic":"call","expression":{"__symbolic":"reference","module":"@angular/core","name":"Output"}}]}],"noOptionsFound":[{"__symbolic":"property","decorators":[{"__symbolic":"call","expression":{"__symbolic":"reference","module":"@angular/core","name":"Output"}}]}],"selectionSpan":[{"__symbolic":"property","decorators":[{"__symbolic":"call","expression":{"__symbolic":"reference","module":"@angular/core","name":"ViewChild"},"arguments":["selection"]}]}],"dropdown":[{"__symbolic":"property","decorators":[{"__symbolic":"call","expression":{"__symbolic":"reference","module":"@angular/core","name":"ViewChild"},"arguments":["dropdown"]}]}],"filterInput":[{"__symbolic":"property","decorators":[{"__symbolic":"call","expression":{"__symbolic":"reference","module":"@angular/core","name":"ViewChild"},"arguments":["filterInput"]}]}],"__ctor__":[{"__symbolic":"constructor","parameters":[{"__symbolic":"reference","module":"@angular/core","name":"ElementRef"}]}],"ngOnInit":[{"__symbolic":"method"}],"ngOnChanges":[{"__symbolic":"method"}],"closeSelect":[{"__symbolic":"method"}],"isChild":[{"__symbolic":"method"}],"onWindowClick":[{"__symbolic":"method"}],"onWindowResize":[{"__symbolic":"method"}],"onSelectContainerClick":[{"__symbolic":"method"}],"onSelectContainerFocus":[{"__symbolic":"method"}],"onSelectContainerKeydown":[{"__symbolic":"method"}],"onDropdownOptionClicked":[{"__symbolic":"method"}],"onDropdownClose":[{"__symbolic":"method"}],"onSingleFilterClick":[{"__symbolic":"method"}],"onSingleFilterInput":[{"__symbolic":"method"}],"onSingleFilterKeydown":[{"__symbolic":"method"}],"onMultipleFilterInput":[{"__symbolic":"method"}],"onMultipleFilterKeydown":[{"__symbolic":"method"}],"onClearSelectionClick":[{"__symbolic":"method"}],"onDeselectOptionClick":[{"__symbolic":"method"}],"open":[{"__symbolic":"method"}],"close":[{"__symbolic":"method"}],"clear":[{"__symbolic":"method"}],"select":[{"__symbolic":"method"}],"writeValue":[{"__symbolic":"method"}],"registerOnChange":[{"__symbolic":"method"}],"registerOnTouched":[{"__symbolic":"method"}],"setDisabledState":[{"__symbolic":"method"}],"valueChanged":[{"__symbolic":"method"}],"updateOptionsList":[{"__symbolic":"method"}],"toggleDropdown":[{"__symbolic":"method"}],"openDropdown":[{"__symbolic":"method"}],"closeDropdown":[{"__symbolic":"method"}],"selectOption":[{"__symbolic":"method"}],"deselectOption":[{"__symbolic":"method"}],"clearSelection":[{"__symbolic":"method"}],"toggleSelectOption":[{"__symbolic":"method"}],"selectHighlightedOption":[{"__symbolic":"method"}],"deselectLast":[{"__symbolic":"method"}],"clearFilterInput":[{"__symbolic":"method"}],"setMultipleFilterInput":[{"__symbolic":"method"}],"handleSelectContainerKeydown":[{"__symbolic":"method"}],"handleMultipleFilterKeydown":[{"__symbolic":"method"}],"handleSingleFilterKeydown":[{"__symbolic":"method"}],"focus":[{"__symbolic":"method"}],"blur":[{"__symbolic":"method"}],"updateWidth":[{"__symbolic":"method"}],"updatePosition":[{"__symbolic":"method"}],"updateFilterWidth":[{"__symbolic":"method"}]}}}},{"__symbolic":"module","version":1,"metadata":{"SELECT_VALUE_ACCESSOR":{"provide":{"__symbolic":"reference","module":"@angular/forms","name":"NG_VALUE_ACCESSOR"},"useExisting":{"__symbolic":"reference","name":"SelectComponent"},"multi":true},"SelectComponent":{"__symbolic":"class","decorators":[{"__symbolic":"call","expression":{"__symbolic":"reference","module":"@angular/core","name":"Component"},"arguments":[{"selector":"ng-select","template":"\n        <label *ngIf=\"label !== ''\">\n            {{label}}\n        </label>\n        <div\n            #selection\n            [attr.tabindex]=\"disabled ? null : 0\"\n            [ngClass]=\"{'open': isOpen, 'focus': hasFocus, 'below': isBelow, 'disabled': disabled}\"\n            (click)=\"onSelectContainerClick($event)\"\n            (focus)=\"onSelectContainerFocus()\"\n            (keydown)=\"onSelectContainerKeydown($event)\"\n            (window:click)=\"onWindowClick()\"\n            (window:resize)=\"onWindowResize()\">\n\n            <div class=\"single\"\n                *ngIf=\"!multiple\">\n                <div class=\"value\"\n                    *ngIf=\"optionList.hasSelected()\">\n                    {{optionList.selection[0].label}}\n                </div>\n                <div class=\"placeholder\"\n                    *ngIf=\"!optionList.hasSelected()\">\n                    {{placeholderView}}\n                </div>\n                <div class=\"clear\"\n                    *ngIf=\"allowClear && hasSelected\"\n                    (click)=\"onClearSelectionClick($event)\">\n                    &#x2715;\n                </div>\n                <div class=\"toggle\"\n                    *ngIf=\"isOpen\">\n                    &#x25B2;\n                </div>\n                <div class=\"toggle\"\n                    *ngIf=\"!isOpen\">\n                    &#x25BC;\n                </div>\n            </div>\n\n            <div class=\"multiple\"\n                *ngIf=\"multiple\">\n                <div class=\"placeholder\"\n                    *ngIf=\"!optionList.hasSelected()\">\n                    {{placeholderView}}\n                </div>\n\n                <div class=\"option\" \n                    *ngFor=\"let option of optionList.selection\">\n                    <span class=\"deselect-option\">, </span>{{option.label}}\n                </div>\n                \n                <div class=\"toggle\"\n                    *ngIf=\"isOpen\">\n                    &#x25B2;\n                </div>\n                <div class=\"toggle\"\n                    *ngIf=\"!isOpen\">\n                    &#x25BC;\n                </div>\n                \n            </div>\n\n        </div>\n        <select-dropdown\n            *ngIf=\"isOpen\"\n            #dropdown\n            [multiple]=\"multiple\"\n            [optionList]=\"optionList\"\n            [notFoundMsg]=\"notFoundMsg\"\n            [highlightColor]=\"highlightColor\"\n            [highlightTextColor]=\"highlightTextColor\"\n            [filterEnabled]=\"filterEnabled\"\n            [placeholder]=\"filterPlaceholder\"\n            [top]=\"top\"\n            [left]=\"left\"\n            (close)=\"onDropdownClose($event)\"\n            (optionClicked)=\"onDropdownOptionClicked($event)\"\n            (singleFilterClick)=\"onSingleFilterClick()\"\n            (singleFilterInput)=\"onSingleFilterInput($event)\"\n            (singleFilterKeydown)=\"onSingleFilterKeydown($event)\">\n        </select-dropdown>\n\n    ","providers":[{"__symbolic":"reference","name":"SELECT_VALUE_ACCESSOR"}],"encapsulation":{"__symbolic":"select","expression":{"__symbolic":"reference","module":"@angular/core","name":"ViewEncapsulation"},"member":"None"},"host":{"(document:click)":"closeSelect($event)"}}]}],"members":{"options":[{"__symbolic":"property","decorators":[{"__symbolic":"call","expression":{"__symbolic":"reference","module":"@angular/core","name":"Input"}}]}],"allowClear":[{"__symbolic":"property","decorators":[{"__symbolic":"call","expression":{"__symbolic":"reference","module":"@angular/core","name":"Input"}}]}],"disabled":[{"__symbolic":"property","decorators":[{"__symbolic":"call","expression":{"__symbolic":"reference","module":"@angular/core","name":"Input"}}]}],"highlightColor":[{"__symbolic":"property","decorators":[{"__symbolic":"call","expression":{"__symbolic":"reference","module":"@angular/core","name":"Input"}}]}],"highlightTextColor":[{"__symbolic":"property","decorators":[{"__symbolic":"call","expression":{"__symbolic":"reference","module":"@angular/core","name":"Input"}}]}],"multiple":[{"__symbolic":"property","decorators":[{"__symbolic":"call","expression":{"__symbolic":"reference","module":"@angular/core","name":"Input"}}]}],"noFilter":[{"__symbolic":"property","decorators":[{"__symbolic":"call","expression":{"__symbolic":"reference","module":"@angular/core","name":"Input"}}]}],"notFoundMsg":[{"__symbolic":"property","decorators":[{"__symbolic":"call","expression":{"__symbolic":"reference","module":"@angular/core","name":"Input"}}]}],"placeholder":[{"__symbolic":"property","decorators":[{"__symbolic":"call","expression":{"__symbolic":"reference","module":"@angular/core","name":"Input"}}]}],"filterPlaceholder":[{"__symbolic":"property","decorators":[{"__symbolic":"call","expression":{"__symbolic":"reference","module":"@angular/core","name":"Input"}}]}],"label":[{"__symbolic":"property","decorators":[{"__symbolic":"call","expression":{"__symbolic":"reference","module":"@angular/core","name":"Input"}}]}],"filterEnabled":[{"__symbolic":"property","decorators":[{"__symbolic":"call","expression":{"__symbolic":"reference","module":"@angular/core","name":"Input"}}]}],"opened":[{"__symbolic":"property","decorators":[{"__symbolic":"call","expression":{"__symbolic":"reference","module":"@angular/core","name":"Output"}}]}],"closed":[{"__symbolic":"property","decorators":[{"__symbolic":"call","expression":{"__symbolic":"reference","module":"@angular/core","name":"Output"}}]}],"selected":[{"__symbolic":"property","decorators":[{"__symbolic":"call","expression":{"__symbolic":"reference","module":"@angular/core","name":"Output"}}]}],"deselected":[{"__symbolic":"property","decorators":[{"__symbolic":"call","expression":{"__symbolic":"reference","module":"@angular/core","name":"Output"}}]}],"noOptionsFound":[{"__symbolic":"property","decorators":[{"__symbolic":"call","expression":{"__symbolic":"reference","module":"@angular/core","name":"Output"}}]}],"selectionSpan":[{"__symbolic":"property","decorators":[{"__symbolic":"call","expression":{"__symbolic":"reference","module":"@angular/core","name":"ViewChild"},"arguments":["selection"]}]}],"dropdown":[{"__symbolic":"property","decorators":[{"__symbolic":"call","expression":{"__symbolic":"reference","module":"@angular/core","name":"ViewChild"},"arguments":["dropdown"]}]}],"filterInput":[{"__symbolic":"property","decorators":[{"__symbolic":"call","expression":{"__symbolic":"reference","module":"@angular/core","name":"ViewChild"},"arguments":["filterInput"]}]}],"__ctor__":[{"__symbolic":"constructor","parameters":[{"__symbolic":"reference","module":"@angular/core","name":"ElementRef"}]}],"ngOnInit":[{"__symbolic":"method"}],"ngOnChanges":[{"__symbolic":"method"}],"closeSelect":[{"__symbolic":"method"}],"isChild":[{"__symbolic":"method"}],"onWindowClick":[{"__symbolic":"method"}],"onWindowResize":[{"__symbolic":"method"}],"onSelectContainerClick":[{"__symbolic":"method"}],"onSelectContainerFocus":[{"__symbolic":"method"}],"onSelectContainerKeydown":[{"__symbolic":"method"}],"onDropdownOptionClicked":[{"__symbolic":"method"}],"onDropdownClose":[{"__symbolic":"method"}],"onSingleFilterClick":[{"__symbolic":"method"}],"onSingleFilterInput":[{"__symbolic":"method"}],"onSingleFilterKeydown":[{"__symbolic":"method"}],"onMultipleFilterInput":[{"__symbolic":"method"}],"onMultipleFilterKeydown":[{"__symbolic":"method"}],"onClearSelectionClick":[{"__symbolic":"method"}],"onDeselectOptionClick":[{"__symbolic":"method"}],"open":[{"__symbolic":"method"}],"close":[{"__symbolic":"method"}],"clear":[{"__symbolic":"method"}],"select":[{"__symbolic":"method"}],"writeValue":[{"__symbolic":"method"}],"registerOnChange":[{"__symbolic":"method"}],"registerOnTouched":[{"__symbolic":"method"}],"setDisabledState":[{"__symbolic":"method"}],"valueChanged":[{"__symbolic":"method"}],"updateOptionsList":[{"__symbolic":"method"}],"toggleDropdown":[{"__symbolic":"method"}],"openDropdown":[{"__symbolic":"method"}],"closeDropdown":[{"__symbolic":"method"}],"selectOption":[{"__symbolic":"method"}],"deselectOption":[{"__symbolic":"method"}],"clearSelection":[{"__symbolic":"method"}],"toggleSelectOption":[{"__symbolic":"method"}],"selectHighlightedOption":[{"__symbolic":"method"}],"deselectLast":[{"__symbolic":"method"}],"clearFilterInput":[{"__symbolic":"method"}],"setMultipleFilterInput":[{"__symbolic":"method"}],"handleSelectContainerKeydown":[{"__symbolic":"method"}],"handleMultipleFilterKeydown":[{"__symbolic":"method"}],"handleSingleFilterKeydown":[{"__symbolic":"method"}],"focus":[{"__symbolic":"method"}],"blur":[{"__symbolic":"method"}],"updateWidth":[{"__symbolic":"method"}],"updatePosition":[{"__symbolic":"method"}],"updateFilterWidth":[{"__symbolic":"method"}]}}}}]