[{"__symbolic":"module","version":3,"metadata":{"SelectDropdownComponent":{"__symbolic":"class","decorators":[{"__symbolic":"call","expression":{"__symbolic":"reference","module":"@angular/core","name":"Component"},"arguments":[{"selector":"select-dropdown","template":"\n        <div class=\"dropdown-content\" [ngStyle]=\"{'top.px': top, 'left.px': left, 'width.px': width}\">\n\n            <div class=\"filter\"\n                *ngIf=\"!multiple && filterEnabled\">\n                <input\n                    #filterInput\n                    autocomplete=\"on\"\n                    [placeholder]=\"placeholder\"\n                    (click)=\"onSingleFilterClick($event)\"\n                    (input)=\"onSingleFilterInput($event)\"\n                    (keydown)=\"onSingleFilterKeydown($event)\">\n            </div>\n\n            <div class=\"options\"\n                #optionsList>\n                <ul class=\"select-dropdown\" [ngClass]=\"{'multiple-select-dropdown': multiple}\"\n                    (wheel)=\"onOptionsWheel($event)\">\n                    <li *ngFor=\"let option of optionList.filtered\"\n                        [ngClass]=\"{'active': option.highlighted, 'selected': option.selected, 'disabled': option.disabled, 'optgroup': option.group}\"\n                        [ngStyle]=\"getOptionStyle(option)\"\n                        (click)=\"onOptionClick(option)\"\n                        (mouseover)=\"onOptionMouseover(option)\">\n                        <img class=\"rounded-circle\" [src]=\"option.icon\" *ngIf=\"option.icon !== ''\">\n                        <span class=\"select-option\" *ngIf=\"!multiple\">{{option.label}}</span>\n                        <span class=\"filtrable\" *ngIf=\"multiple\">\n                            <input type=\"checkbox\" [checked]=\"option.selected\">\n                            <label></label>\n                            {{option.label}}\n                        </span>\n                    </li>\n                    <li\n                        *ngIf=\"!optionList.hasShown\"\n                        class=\"message disabled\">\n                        <span>{{notFoundMsg}}</span>\n                    </li>\n                </ul>\n            </div>\n        </div>\n    ","encapsulation":{"__symbolic":"select","expression":{"__symbolic":"reference","module":"@angular/core","name":"ViewEncapsulation"},"member":"None"}}]}],"members":{"filterEnabled":[{"__symbolic":"property","decorators":[{"__symbolic":"call","expression":{"__symbolic":"reference","module":"@angular/core","name":"Input"}}]}],"highlightColor":[{"__symbolic":"property","decorators":[{"__symbolic":"call","expression":{"__symbolic":"reference","module":"@angular/core","name":"Input"}}]}],"highlightTextColor":[{"__symbolic":"property","decorators":[{"__symbolic":"call","expression":{"__symbolic":"reference","module":"@angular/core","name":"Input"}}]}],"left":[{"__symbolic":"property","decorators":[{"__symbolic":"call","expression":{"__symbolic":"reference","module":"@angular/core","name":"Input"}}]}],"multiple":[{"__symbolic":"property","decorators":[{"__symbolic":"call","expression":{"__symbolic":"reference","module":"@angular/core","name":"Input"}}]}],"notFoundMsg":[{"__symbolic":"property","decorators":[{"__symbolic":"call","expression":{"__symbolic":"reference","module":"@angular/core","name":"Input"}}]}],"optionList":[{"__symbolic":"property","decorators":[{"__symbolic":"call","expression":{"__symbolic":"reference","module":"@angular/core","name":"Input"}}]}],"top":[{"__symbolic":"property","decorators":[{"__symbolic":"call","expression":{"__symbolic":"reference","module":"@angular/core","name":"Input"}}]}],"width":[{"__symbolic":"property","decorators":[{"__symbolic":"call","expression":{"__symbolic":"reference","module":"@angular/core","name":"Input"}}]}],"placeholder":[{"__symbolic":"property","decorators":[{"__symbolic":"call","expression":{"__symbolic":"reference","module":"@angular/core","name":"Input"}}]}],"close":[{"__symbolic":"property","decorators":[{"__symbolic":"call","expression":{"__symbolic":"reference","module":"@angular/core","name":"Output"}}]}],"optionClicked":[{"__symbolic":"property","decorators":[{"__symbolic":"call","expression":{"__symbolic":"reference","module":"@angular/core","name":"Output"}}]}],"singleFilterClick":[{"__symbolic":"property","decorators":[{"__symbolic":"call","expression":{"__symbolic":"reference","module":"@angular/core","name":"Output"}}]}],"singleFilterInput":[{"__symbolic":"property","decorators":[{"__symbolic":"call","expression":{"__symbolic":"reference","module":"@angular/core","name":"Output"}}]}],"singleFilterKeydown":[{"__symbolic":"property","decorators":[{"__symbolic":"call","expression":{"__symbolic":"reference","module":"@angular/core","name":"Output"}}]}],"filterInput":[{"__symbolic":"property","decorators":[{"__symbolic":"call","expression":{"__symbolic":"reference","module":"@angular/core","name":"ViewChild"},"arguments":["filterInput"]}]}],"optionsList":[{"__symbolic":"property","decorators":[{"__symbolic":"call","expression":{"__symbolic":"reference","module":"@angular/core","name":"ViewChild"},"arguments":["optionsList"]}]}],"ngOnInit":[{"__symbolic":"method"}],"ngOnChanges":[{"__symbolic":"method"}],"ngAfterViewInit":[{"__symbolic":"method"}],"onSingleFilterClick":[{"__symbolic":"method"}],"onSingleFilterInput":[{"__symbolic":"method"}],"onSingleFilterKeydown":[{"__symbolic":"method"}],"onOptionsWheel":[{"__symbolic":"method"}],"onOptionMouseover":[{"__symbolic":"method"}],"onOptionClick":[{"__symbolic":"method"}],"optionsReset":[{"__symbolic":"method"}],"getOptionStyle":[{"__symbolic":"method"}],"clearFilterInput":[{"__symbolic":"method"}],"moveHighlightedIntoView":[{"__symbolic":"method"}],"handleOptionsWheel":[{"__symbolic":"method"}]}}}},{"__symbolic":"module","version":1,"metadata":{"SelectDropdownComponent":{"__symbolic":"class","decorators":[{"__symbolic":"call","expression":{"__symbolic":"reference","module":"@angular/core","name":"Component"},"arguments":[{"selector":"select-dropdown","template":"\n        <div class=\"dropdown-content\" [ngStyle]=\"{'top.px': top, 'left.px': left, 'width.px': width}\">\n\n            <div class=\"filter\"\n                *ngIf=\"!multiple && filterEnabled\">\n                <input\n                    #filterInput\n                    autocomplete=\"on\"\n                    [placeholder]=\"placeholder\"\n                    (click)=\"onSingleFilterClick($event)\"\n                    (input)=\"onSingleFilterInput($event)\"\n                    (keydown)=\"onSingleFilterKeydown($event)\">\n            </div>\n\n            <div class=\"options\"\n                #optionsList>\n                <ul class=\"select-dropdown\" [ngClass]=\"{'multiple-select-dropdown': multiple}\"\n                    (wheel)=\"onOptionsWheel($event)\">\n                    <li *ngFor=\"let option of optionList.filtered\"\n                        [ngClass]=\"{'active': option.highlighted, 'selected': option.selected, 'disabled': option.disabled, 'optgroup': option.group}\"\n                        [ngStyle]=\"getOptionStyle(option)\"\n                        (click)=\"onOptionClick(option)\"\n                        (mouseover)=\"onOptionMouseover(option)\">\n                        <img class=\"rounded-circle\" [src]=\"option.icon\" *ngIf=\"option.icon !== ''\">\n                        <span class=\"select-option\" *ngIf=\"!multiple\">{{option.label}}</span>\n                        <span class=\"filtrable\" *ngIf=\"multiple\">\n                            <input type=\"checkbox\" [checked]=\"option.selected\">\n                            <label></label>\n                            {{option.label}}\n                        </span>\n                    </li>\n                    <li\n                        *ngIf=\"!optionList.hasShown\"\n                        class=\"message disabled\">\n                        <span>{{notFoundMsg}}</span>\n                    </li>\n                </ul>\n            </div>\n        </div>\n    ","encapsulation":{"__symbolic":"select","expression":{"__symbolic":"reference","module":"@angular/core","name":"ViewEncapsulation"},"member":"None"}}]}],"members":{"filterEnabled":[{"__symbolic":"property","decorators":[{"__symbolic":"call","expression":{"__symbolic":"reference","module":"@angular/core","name":"Input"}}]}],"highlightColor":[{"__symbolic":"property","decorators":[{"__symbolic":"call","expression":{"__symbolic":"reference","module":"@angular/core","name":"Input"}}]}],"highlightTextColor":[{"__symbolic":"property","decorators":[{"__symbolic":"call","expression":{"__symbolic":"reference","module":"@angular/core","name":"Input"}}]}],"left":[{"__symbolic":"property","decorators":[{"__symbolic":"call","expression":{"__symbolic":"reference","module":"@angular/core","name":"Input"}}]}],"multiple":[{"__symbolic":"property","decorators":[{"__symbolic":"call","expression":{"__symbolic":"reference","module":"@angular/core","name":"Input"}}]}],"notFoundMsg":[{"__symbolic":"property","decorators":[{"__symbolic":"call","expression":{"__symbolic":"reference","module":"@angular/core","name":"Input"}}]}],"optionList":[{"__symbolic":"property","decorators":[{"__symbolic":"call","expression":{"__symbolic":"reference","module":"@angular/core","name":"Input"}}]}],"top":[{"__symbolic":"property","decorators":[{"__symbolic":"call","expression":{"__symbolic":"reference","module":"@angular/core","name":"Input"}}]}],"width":[{"__symbolic":"property","decorators":[{"__symbolic":"call","expression":{"__symbolic":"reference","module":"@angular/core","name":"Input"}}]}],"placeholder":[{"__symbolic":"property","decorators":[{"__symbolic":"call","expression":{"__symbolic":"reference","module":"@angular/core","name":"Input"}}]}],"close":[{"__symbolic":"property","decorators":[{"__symbolic":"call","expression":{"__symbolic":"reference","module":"@angular/core","name":"Output"}}]}],"optionClicked":[{"__symbolic":"property","decorators":[{"__symbolic":"call","expression":{"__symbolic":"reference","module":"@angular/core","name":"Output"}}]}],"singleFilterClick":[{"__symbolic":"property","decorators":[{"__symbolic":"call","expression":{"__symbolic":"reference","module":"@angular/core","name":"Output"}}]}],"singleFilterInput":[{"__symbolic":"property","decorators":[{"__symbolic":"call","expression":{"__symbolic":"reference","module":"@angular/core","name":"Output"}}]}],"singleFilterKeydown":[{"__symbolic":"property","decorators":[{"__symbolic":"call","expression":{"__symbolic":"reference","module":"@angular/core","name":"Output"}}]}],"filterInput":[{"__symbolic":"property","decorators":[{"__symbolic":"call","expression":{"__symbolic":"reference","module":"@angular/core","name":"ViewChild"},"arguments":["filterInput"]}]}],"optionsList":[{"__symbolic":"property","decorators":[{"__symbolic":"call","expression":{"__symbolic":"reference","module":"@angular/core","name":"ViewChild"},"arguments":["optionsList"]}]}],"ngOnInit":[{"__symbolic":"method"}],"ngOnChanges":[{"__symbolic":"method"}],"ngAfterViewInit":[{"__symbolic":"method"}],"onSingleFilterClick":[{"__symbolic":"method"}],"onSingleFilterInput":[{"__symbolic":"method"}],"onSingleFilterKeydown":[{"__symbolic":"method"}],"onOptionsWheel":[{"__symbolic":"method"}],"onOptionMouseover":[{"__symbolic":"method"}],"onOptionClick":[{"__symbolic":"method"}],"optionsReset":[{"__symbolic":"method"}],"getOptionStyle":[{"__symbolic":"method"}],"clearFilterInput":[{"__symbolic":"method"}],"moveHighlightedIntoView":[{"__symbolic":"method"}],"handleOptionsWheel":[{"__symbolic":"method"}]}}}}]