[{"__symbolic":"module","version":3,"metadata":{"CardRotating":{"__symbolic":"class","decorators":[{"__symbolic":"call","expression":{"__symbolic":"reference","module":"@angular/core","name":"Component"},"arguments":[{"selector":"card-rotating","template":"\n\n    <div class=\"flip-container card-wrapper\" [ngClass]=\"{'rotate': rotate}\">\n\t\t<div class=\"flipper card-rotating effect__click tp-box\">\n            <ng-content></ng-content>\n        </div>\n    </div>\n    "}]}],"members":{"toggle":[{"__symbolic":"method"}]}}}},{"__symbolic":"module","version":1,"metadata":{"CardRotating":{"__symbolic":"class","decorators":[{"__symbolic":"call","expression":{"__symbolic":"reference","module":"@angular/core","name":"Component"},"arguments":[{"selector":"card-rotating","template":"\n\n    <div class=\"flip-container card-wrapper\" [ngClass]=\"{'rotate': rotate}\">\n\t\t<div class=\"flipper card-rotating effect__click tp-box\">\n            <ng-content></ng-content>\n        </div>\n    </div>\n    "}]}],"members":{"toggle":[{"__symbolic":"method"}]}}}}]