[{"__symbolic":"module","version":3,"metadata":{"CardReveal":{"__symbolic":"class","decorators":[{"__symbolic":"call","expression":{"__symbolic":"reference","module":"@angular/core","name":"Component"},"arguments":[{"selector":"card-reveal","template":"\n\n    <div class=\"card-overflow col-12\">\n        <div class=\"card-front\">\n            <ng-content select=\"card-front\" ></ng-content>\n        </div>\n        <div class=\"card-revealed\" *ngIf=\"show\" [@socialsState]=\"socials\">\n            <ng-content select=\"card-revealed\" ></ng-content>\n        </div>\n    </div>\n    ","animations":[{"__symbolic":"reference","module":"../animations/animations","name":"socialsState"}]}]}],"members":{"toggle":[{"__symbolic":"method"}]}}}},{"__symbolic":"module","version":1,"metadata":{"CardReveal":{"__symbolic":"class","decorators":[{"__symbolic":"call","expression":{"__symbolic":"reference","module":"@angular/core","name":"Component"},"arguments":[{"selector":"card-reveal","template":"\n\n    <div class=\"card-overflow col-12\">\n        <div class=\"card-front\">\n            <ng-content select=\"card-front\" ></ng-content>\n        </div>\n        <div class=\"card-revealed\" *ngIf=\"show\" [@socialsState]=\"socials\">\n            <ng-content select=\"card-revealed\" ></ng-content>\n        </div>\n    </div>\n    ","animations":[{"__symbolic":"reference","module":"../animations/animations","name":"socialsState"}]}]}],"members":{"toggle":[{"__symbolic":"method"}]}}}}]