[{"__symbolic":"module","version":3,"metadata":{"CardsModule":{"__symbolic":"class","decorators":[{"__symbolic":"call","expression":{"__symbolic":"reference","module":"@angular/core","name":"NgModule"},"arguments":[{"imports":[{"__symbolic":"reference","module":"@angular/common","name":"CommonModule"}],"declarations":[{"__symbolic":"reference","module":"./card-reveal","name":"CardReveal"},{"__symbolic":"reference","module":"./card-rotating","name":"CardRotating"}],"exports":[{"__symbolic":"reference","module":"./card-reveal","name":"CardReveal"},{"__symbolic":"reference","module":"./card-rotating","name":"CardRotating"}]}]}],"statics":{"forRoot":{"__symbolic":"function","parameters":[],"value":{"ngModule":{"__symbolic":"reference","name":"CardsModule"},"providers":[]}}}}}},{"__symbolic":"module","version":1,"metadata":{"CardsModule":{"__symbolic":"class","decorators":[{"__symbolic":"call","expression":{"__symbolic":"reference","module":"@angular/core","name":"NgModule"},"arguments":[{"imports":[{"__symbolic":"reference","module":"@angular/common","name":"CommonModule"}],"declarations":[{"__symbolic":"reference","module":"./card-reveal","name":"CardReveal"},{"__symbolic":"reference","module":"./card-rotating","name":"CardRotating"}],"exports":[{"__symbolic":"reference","module":"./card-reveal","name":"CardReveal"},{"__symbolic":"reference","module":"./card-rotating","name":"CardRotating"}]}]}],"statics":{"forRoot":{"__symbolic":"function","parameters":[],"value":{"ngModule":{"__symbolic":"reference","name":"CardsModule"},"providers":[]}}}}}}]