[{"__symbolic":"module","version":3,"metadata":{},"exports":[{"from":"./ng2-page-scroll.directive"},{"from":"./ng2-page-scroll.service"},{"from":"./ng2-page-scroll-config"},{"from":"./ng2-page-scroll-instance"},{"from":"./ng2-page-scroll-util.service"},{"from":"./ng2-page-scroll.module","export":["Ng2PageScrollModule"]}]},{"__symbolic":"module","version":1,"metadata":{},"exports":[{"from":"./ng2-page-scroll.directive"},{"from":"./ng2-page-scroll.service"},{"from":"./ng2-page-scroll-config"},{"from":"./ng2-page-scroll-instance"},{"from":"./ng2-page-scroll-util.service"},{"from":"./ng2-page-scroll.module","export":["Ng2PageScrollModule"]}]}]