[{"__symbolic":"module","version":3,"metadata":{"EasingLogic":{"__symbolic":"class","members":{"ease":[{"__symbolic":"method"}]}},"PageScrollConfig":{"__symbolic":"class","statics":{"_interval":10,"_minScrollDistance":2,"_defaultNamespace":"default","defaultIsVerticalScrolling":true,"_logLevel":2,"defaultDuration":1250,"defaultScrollOffset":0,"defaultAdvancedInlineOffsetCalculation":false,"_interruptEvents":["mousedown","wheel","DOMMouseScroll","mousewheel","keyup","touchmove"],"_interruptKeys":[33,34,35,36,38,40],"defaultInterruptible":true,"_easingLogic":{"__symbolic":"error","message":"Function call not supported","line":108,"character":14},"defaultEasingLogic":{"__symbolic":"error","message":"Variable not initialized","line":119,"character":22}}}}},{"__symbolic":"module","version":1,"metadata":{"EasingLogic":{"__symbolic":"class","members":{"ease":[{"__symbolic":"method"}]}},"PageScrollConfig":{"__symbolic":"class","statics":{"_interval":10,"_minScrollDistance":2,"_defaultNamespace":"default","defaultIsVerticalScrolling":true,"_logLevel":2,"defaultDuration":1250,"defaultScrollOffset":0,"defaultAdvancedInlineOffsetCalculation":false,"_interruptEvents":["mousedown","wheel","DOMMouseScroll","mousewheel","keyup","touchmove"],"_interruptKeys":[33,34,35,36,38,40],"defaultInterruptible":true,"_easingLogic":{"__symbolic":"error","message":"Function call not supported","line":108,"character":14},"defaultEasingLogic":{"__symbolic":"error","message":"Variable not initialized","line":119,"character":22}}}}}]