[{"__symbolic":"module","version":3,"metadata":{"Ng2PageScrollModule":{"__symbolic":"class","decorators":[{"__symbolic":"call","expression":{"__symbolic":"reference","module":"@angular/core","name":"NgModule"},"arguments":[{"imports":[{"__symbolic":"reference","module":"@angular/common","name":"CommonModule"}],"declarations":[{"__symbolic":"reference","module":"./ng2-page-scroll.directive","name":"PageScroll"}],"exports":[{"__symbolic":"reference","module":"./ng2-page-scroll.directive","name":"PageScroll"}]}]}],"statics":{"forRoot":{"__symbolic":"function","parameters":[],"value":{"ngModule":{"__symbolic":"reference","name":"Ng2PageScrollModule"},"providers":[{"provide":{"__symbolic":"reference","module":"./ng2-page-scroll.service","name":"PageScrollService"},"useClass":{"__symbolic":"reference","module":"./ng2-page-scroll.service","name":"PageScrollService"}}]}}}}}},{"__symbolic":"module","version":1,"metadata":{"Ng2PageScrollModule":{"__symbolic":"class","decorators":[{"__symbolic":"call","expression":{"__symbolic":"reference","module":"@angular/core","name":"NgModule"},"arguments":[{"imports":[{"__symbolic":"reference","module":"@angular/common","name":"CommonModule"}],"declarations":[{"__symbolic":"reference","module":"./ng2-page-scroll.directive","name":"PageScroll"}],"exports":[{"__symbolic":"reference","module":"./ng2-page-scroll.directive","name":"PageScroll"}]}]}],"statics":{"forRoot":{"__symbolic":"function","parameters":[],"value":{"ngModule":{"__symbolic":"reference","name":"Ng2PageScrollModule"},"providers":[{"provide":{"__symbolic":"reference","module":"./ng2-page-scroll.service","name":"PageScrollService"},"useClass":{"__symbolic":"reference","module":"./ng2-page-scroll.service","name":"PageScrollService"}}]}}}}}}]