[{"__symbolic":"module","version":3,"metadata":{"PageScrollUtilService":{"__symbolic":"class","statics":{"isUndefinedOrNull":{"__symbolic":"function","parameters":["variable"],"value":{"__symbolic":"binop","operator":"||","left":{"__symbolic":"binop","operator":"||","left":{"__symbolic":"binop","operator":"===","left":{"__symbolic":"error","message":"Expression form not supported","line":12,"character":16},"right":"undefined"},"right":{"__symbolic":"binop","operator":"===","left":{"__symbolic":"reference","name":"variable"},"right":{"__symbolic":"reference","name":"undefined"}}},"right":{"__symbolic":"binop","operator":"===","left":{"__symbolic":"reference","name":"variable"},"right":null}}}}}}},{"__symbolic":"module","version":1,"metadata":{"PageScrollUtilService":{"__symbolic":"class","statics":{"isUndefinedOrNull":{"__symbolic":"function","parameters":["variable"],"value":{"__symbolic":"binop","operator":"||","left":{"__symbolic":"binop","operator":"||","left":{"__symbolic":"binop","operator":"===","left":{"__symbolic":"error","message":"Expression form not supported","line":12,"character":16},"right":"undefined"},"right":{"__symbolic":"binop","operator":"===","left":{"__symbolic":"reference","name":"variable"},"right":{"__symbolic":"reference","name":"undefined"}}},"right":{"__symbolic":"binop","operator":"===","left":{"__symbolic":"reference","name":"variable"},"right":null}}}}}}}]