[{"__symbolic":"module","version":3,"metadata":{"PageScrollOptions":{"__symbolic":"interface"},"PageScrollInstance":{"__symbolic":"class","members":{"__ctor__":[{"__symbolic":"constructor","parameters":[{"__symbolic":"reference","name":"string"},{"__symbolic":"error","message":"Could not resolve type","line":332,"character":45,"context":{"typeName":"Document"}}]}],"getScrollPropertyValue":[{"__symbolic":"method"}],"extractScrollTargetPosition":[{"__symbolic":"method"}],"getCurrentOffset":[{"__symbolic":"method"}],"setScrollPosition":[{"__symbolic":"method"}],"fireEvent":[{"__symbolic":"method"}],"attachInterruptListeners":[{"__symbolic":"method"}],"detachInterruptListeners":[{"__symbolic":"method"}]},"statics":{"simpleInstance":{"__symbolic":"function","parameters":["document","scrollTarget","namespace"],"value":{"__symbolic":"call","expression":{"__symbolic":"select","expression":{"__symbolic":"reference","name":"PageScrollInstance"},"member":"newInstance"},"arguments":[{"document":{"__symbolic":"reference","name":"document"},"scrollTarget":{"__symbolic":"reference","name":"scrollTarget"},"namespace":{"__symbolic":"reference","name":"namespace"}}]}},"simpleDirectionInstance":{"__symbolic":"function","parameters":["document","scrollTarget","verticalScrolling","namespace"],"value":{"__symbolic":"call","expression":{"__symbolic":"select","expression":{"__symbolic":"reference","name":"PageScrollInstance"},"member":"newInstance"},"arguments":[{"document":{"__symbolic":"reference","name":"document"},"scrollTarget":{"__symbolic":"reference","name":"scrollTarget"},"namespace":{"__symbolic":"reference","name":"namespace"},"verticalScrolling":{"__symbolic":"reference","name":"verticalScrolling"}}]}},"simpleInlineInstance":{"__symbolic":"function","parameters":["document","scrollTarget","scrollingView","namespace"],"value":{"__symbolic":"call","expression":{"__symbolic":"select","expression":{"__symbolic":"reference","name":"PageScrollInstance"},"member":"newInstance"},"arguments":[{"document":{"__symbolic":"reference","name":"document"},"scrollTarget":{"__symbolic":"reference","name":"scrollTarget"},"scrollingViews":[{"__symbolic":"reference","name":"scrollingView"}],"verticalScrolling":true,"namespace":{"__symbolic":"reference","name":"namespace"}}]}},"simpleInlineDirectionInstance":{"__symbolic":"function","parameters":["document","scrollTarget","scrollingView","verticalScrolling","namespace"],"value":{"__symbolic":"call","expression":{"__symbolic":"select","expression":{"__symbolic":"reference","name":"PageScrollInstance"},"member":"newInstance"},"arguments":[{"document":{"__symbolic":"reference","name":"document"},"scrollTarget":{"__symbolic":"reference","name":"scrollTarget"},"scrollingViews":[{"__symbolic":"reference","name":"scrollingView"}],"namespace":{"__symbolic":"reference","name":"namespace"},"verticalScrolling":{"__symbolic":"reference","name":"verticalScrolling"}}]}},"advancedInstance":{"__symbolic":"function","parameters":["document","scrollTarget","scrollingViews","namespace","verticalScrolling","pageScrollOffset","pageScrollInterruptible","pageScrollEasingLogic","pageScrollDuration","pageScrollFinishListener"],"value":{"__symbolic":"call","expression":{"__symbolic":"select","expression":{"__symbolic":"reference","name":"PageScrollInstance"},"member":"newInstance"},"arguments":[{"document":{"__symbolic":"reference","name":"document"},"scrollTarget":{"__symbolic":"reference","name":"scrollTarget"},"scrollingViews":{"__symbolic":"reference","name":"scrollingViews"},"namespace":{"__symbolic":"reference","name":"namespace"},"verticalScrolling":{"__symbolic":"reference","name":"verticalScrolling"},"pageScrollOffset":{"__symbolic":"reference","name":"pageScrollOffset"},"pageScrollInterruptible":{"__symbolic":"reference","name":"pageScrollInterruptible"},"pageScrollEasingLogic":{"__symbolic":"reference","name":"pageScrollEasingLogic"},"pageScrollDuration":{"__symbolic":"reference","name":"pageScrollDuration"},"pageScrollFinishListener":{"__symbolic":"reference","name":"pageScrollFinishListener"}}]}}}},"InterruptReporter":{"__symbolic":"interface"}}},{"__symbolic":"module","version":1,"metadata":{"PageScrollOptions":{"__symbolic":"interface"},"PageScrollInstance":{"__symbolic":"class","members":{"__ctor__":[{"__symbolic":"constructor","parameters":[{"__symbolic":"reference","name":"string"},{"__symbolic":"error","message":"Could not resolve type","line":332,"character":45,"context":{"typeName":"Document"}}]}],"getScrollPropertyValue":[{"__symbolic":"method"}],"extractScrollTargetPosition":[{"__symbolic":"method"}],"getCurrentOffset":[{"__symbolic":"method"}],"setScrollPosition":[{"__symbolic":"method"}],"fireEvent":[{"__symbolic":"method"}],"attachInterruptListeners":[{"__symbolic":"method"}],"detachInterruptListeners":[{"__symbolic":"method"}]},"statics":{"simpleInstance":{"__symbolic":"function","parameters":["document","scrollTarget","namespace"],"value":{"__symbolic":"call","expression":{"__symbolic":"select","expression":{"__symbolic":"reference","name":"PageScrollInstance"},"member":"newInstance"},"arguments":[{"document":{"__symbolic":"reference","name":"document"},"scrollTarget":{"__symbolic":"reference","name":"scrollTarget"},"namespace":{"__symbolic":"reference","name":"namespace"}}]}},"simpleDirectionInstance":{"__symbolic":"function","parameters":["document","scrollTarget","verticalScrolling","namespace"],"value":{"__symbolic":"call","expression":{"__symbolic":"select","expression":{"__symbolic":"reference","name":"PageScrollInstance"},"member":"newInstance"},"arguments":[{"document":{"__symbolic":"reference","name":"document"},"scrollTarget":{"__symbolic":"reference","name":"scrollTarget"},"namespace":{"__symbolic":"reference","name":"namespace"},"verticalScrolling":{"__symbolic":"reference","name":"verticalScrolling"}}]}},"simpleInlineInstance":{"__symbolic":"function","parameters":["document","scrollTarget","scrollingView","namespace"],"value":{"__symbolic":"call","expression":{"__symbolic":"select","expression":{"__symbolic":"reference","name":"PageScrollInstance"},"member":"newInstance"},"arguments":[{"document":{"__symbolic":"reference","name":"document"},"scrollTarget":{"__symbolic":"reference","name":"scrollTarget"},"scrollingViews":[{"__symbolic":"reference","name":"scrollingView"}],"verticalScrolling":true,"namespace":{"__symbolic":"reference","name":"namespace"}}]}},"simpleInlineDirectionInstance":{"__symbolic":"function","parameters":["document","scrollTarget","scrollingView","verticalScrolling","namespace"],"value":{"__symbolic":"call","expression":{"__symbolic":"select","expression":{"__symbolic":"reference","name":"PageScrollInstance"},"member":"newInstance"},"arguments":[{"document":{"__symbolic":"reference","name":"document"},"scrollTarget":{"__symbolic":"reference","name":"scrollTarget"},"scrollingViews":[{"__symbolic":"reference","name":"scrollingView"}],"namespace":{"__symbolic":"reference","name":"namespace"},"verticalScrolling":{"__symbolic":"reference","name":"verticalScrolling"}}]}},"advancedInstance":{"__symbolic":"function","parameters":["document","scrollTarget","scrollingViews","namespace","verticalScrolling","pageScrollOffset","pageScrollInterruptible","pageScrollEasingLogic","pageScrollDuration","pageScrollFinishListener"],"value":{"__symbolic":"call","expression":{"__symbolic":"select","expression":{"__symbolic":"reference","name":"PageScrollInstance"},"member":"newInstance"},"arguments":[{"document":{"__symbolic":"reference","name":"document"},"scrollTarget":{"__symbolic":"reference","name":"scrollTarget"},"scrollingViews":{"__symbolic":"reference","name":"scrollingViews"},"namespace":{"__symbolic":"reference","name":"namespace"},"verticalScrolling":{"__symbolic":"reference","name":"verticalScrolling"},"pageScrollOffset":{"__symbolic":"reference","name":"pageScrollOffset"},"pageScrollInterruptible":{"__symbolic":"reference","name":"pageScrollInterruptible"},"pageScrollEasingLogic":{"__symbolic":"reference","name":"pageScrollEasingLogic"},"pageScrollDuration":{"__symbolic":"reference","name":"pageScrollDuration"},"pageScrollFinishListener":{"__symbolic":"reference","name":"pageScrollFinishListener"}}]}}}},"InterruptReporter":{"__symbolic":"interface"}}}]