[{"__symbolic":"module","version":3,"metadata":{"PageScrollService":{"__symbolic":"class","decorators":[{"__symbolic":"call","expression":{"__symbolic":"reference","module":"@angular/core","name":"Injectable"}}],"members":{"stopInternal":[{"__symbolic":"method"}],"start":[{"__symbolic":"method"}],"stopAll":[{"__symbolic":"method"}],"stop":[{"__symbolic":"method"}],"__ctor__":[{"__symbolic":"constructor"}]},"statics":{"instanceCounter":0}}}},{"__symbolic":"module","version":1,"metadata":{"PageScrollService":{"__symbolic":"class","decorators":[{"__symbolic":"call","expression":{"__symbolic":"reference","module":"@angular/core","name":"Injectable"}}],"members":{"stopInternal":[{"__symbolic":"method"}],"start":[{"__symbolic":"method"}],"stopAll":[{"__symbolic":"method"}],"stop":[{"__symbolic":"method"}],"__ctor__":[{"__symbolic":"constructor"}]},"statics":{"instanceCounter":0}}}}]