[{"__symbolic":"module","version":3,"metadata":{"CONTAINER_CLASS_NAME":"spinning-preloader-container","COMPLETE_CLASS_NAME":"complete","CONTAINER_QUERY":".spinning-preloader-container","CONTAINER_NAME":{"__symbolic":"call","expression":{"__symbolic":"select","expression":{"__symbolic":"call","arguments":["-"]},"member":"join"},"arguments":[" "]},"TYPE_ERROR_CONTAINER_WAS_NOT_FOUND_MESSAGE":{"__symbolic":"binop","operator":"+","left":{"__symbolic":"binop","operator":"+","left":"The ","right":{"__symbolic":"reference","name":"CONTAINER_NAME"}},"right":" was not found"},"EMULATE_ELEMENT_NAME":"div"}},{"__symbolic":"module","version":1,"metadata":{"CONTAINER_CLASS_NAME":"spinning-preloader-container","COMPLETE_CLASS_NAME":"complete","CONTAINER_QUERY":".spinning-preloader-container","CONTAINER_NAME":{"__symbolic":"call","expression":{"__symbolic":"select","expression":{"__symbolic":"call","arguments":["-"]},"member":"join"},"arguments":[" "]},"TYPE_ERROR_CONTAINER_WAS_NOT_FOUND_MESSAGE":{"__symbolic":"binop","operator":"+","left":{"__symbolic":"binop","operator":"+","left":"The ","right":{"__symbolic":"reference","name":"CONTAINER_NAME"}},"right":" was not found"},"EMULATE_ELEMENT_NAME":"div"}}]