[{"__symbolic":"module","version":3,"metadata":{"SQUEEZEBOX_COMPONENTS":[{"__symbolic":"reference","module":"./components/squeezebox","name":"SqueezeBox"},{"__symbolic":"reference","module":"./components/sb-item","name":"SBItem"},{"__symbolic":"reference","module":"./components/sb-item-head","name":"SBItemHead"},{"__symbolic":"reference","module":"./components/sb-item-body","name":"SBItemBody"}],"SqueezeBoxModule":{"__symbolic":"class","decorators":[{"__symbolic":"call","expression":{"__symbolic":"reference","module":"@angular/core","name":"NgModule"},"arguments":[{"imports":[{"__symbolic":"reference","module":"@angular/common","name":"CommonModule"}],"declarations":[{"__symbolic":"reference","name":"SQUEEZEBOX_COMPONENTS"}],"exports":[{"__symbolic":"reference","name":"SQUEEZEBOX_COMPONENTS"}]}]}]}},"exports":[{"from":"./components/sb-item"},{"from":"./components/sb-item-head"},{"from":"./components/sb-item-body"},{"from":"./components/squeezebox"}]},{"__symbolic":"module","version":1,"metadata":{"SQUEEZEBOX_COMPONENTS":[{"__symbolic":"reference","module":"./components/squeezebox","name":"SqueezeBox"},{"__symbolic":"reference","module":"./components/sb-item","name":"SBItem"},{"__symbolic":"reference","module":"./components/sb-item-head","name":"SBItemHead"},{"__symbolic":"reference","module":"./components/sb-item-body","name":"SBItemBody"}],"SqueezeBoxModule":{"__symbolic":"class","decorators":[{"__symbolic":"call","expression":{"__symbolic":"reference","module":"@angular/core","name":"NgModule"},"arguments":[{"imports":[{"__symbolic":"reference","module":"@angular/common","name":"CommonModule"}],"declarations":[{"__symbolic":"reference","name":"SQUEEZEBOX_COMPONENTS"}],"exports":[{"__symbolic":"reference","name":"SQUEEZEBOX_COMPONENTS"}]}]}]}},"exports":[{"from":"./components/sb-item"},{"from":"./components/sb-item-head"},{"from":"./components/sb-item-body"},{"from":"./components/squeezebox"}]}]