[{"__symbolic":"module","version":3,"metadata":{"InputAutoFillDirective":{"__symbolic":"class","decorators":[{"__symbolic":"call","expression":{"__symbolic":"reference","module":"@angular/core","name":"Directive"},"arguments":[{"selector":"[myinputautofill]"}]}],"members":{"opts":[{"__symbolic":"property","decorators":[{"__symbolic":"call","expression":{"__symbolic":"reference","module":"@angular/core","name":"Input"},"arguments":["myinputautofill"]}]}],"__ctor__":[{"__symbolic":"constructor","parameters":[{"__symbolic":"reference","module":"@angular/core","name":"ElementRef"},{"__symbolic":"reference","module":"@angular/core","name":"Renderer"}]}],"onKeyUp":[{"__symbolic":"method","decorators":[{"__symbolic":"call","expression":{"__symbolic":"reference","module":"@angular/core","name":"HostListener"},"arguments":["keyup",["$event"]]}]}],"endsWith":[{"__symbolic":"method"}],"insertPos":[{"__symbolic":"method"}],"getPartLength":[{"__symbolic":"method"}],"isNumber":[{"__symbolic":"method"}],"isDay":[{"__symbolic":"method"}],"isMonth":[{"__symbolic":"method"}],"getInputValue":[{"__symbolic":"method"}],"setInputValue":[{"__symbolic":"method"}]}}}},{"__symbolic":"module","version":1,"metadata":{"InputAutoFillDirective":{"__symbolic":"class","decorators":[{"__symbolic":"call","expression":{"__symbolic":"reference","module":"@angular/core","name":"Directive"},"arguments":[{"selector":"[myinputautofill]"}]}],"members":{"opts":[{"__symbolic":"property","decorators":[{"__symbolic":"call","expression":{"__symbolic":"reference","module":"@angular/core","name":"Input"},"arguments":["myinputautofill"]}]}],"__ctor__":[{"__symbolic":"constructor","parameters":[{"__symbolic":"reference","module":"@angular/core","name":"ElementRef"},{"__symbolic":"reference","module":"@angular/core","name":"Renderer"}]}],"onKeyUp":[{"__symbolic":"method","decorators":[{"__symbolic":"call","expression":{"__symbolic":"reference","module":"@angular/core","name":"HostListener"},"arguments":["keyup",["$event"]]}]}],"endsWith":[{"__symbolic":"method"}],"insertPos":[{"__symbolic":"method"}],"getPartLength":[{"__symbolic":"method"}],"isNumber":[{"__symbolic":"method"}],"isDay":[{"__symbolic":"method"}],"isMonth":[{"__symbolic":"method"}],"getInputValue":[{"__symbolic":"method"}],"setInputValue":[{"__symbolic":"method"}]}}}}]