[{"__symbolic":"module","version":3,"metadata":{"CompleterBaseData":{"__symbolic":"class","extends":{"__symbolic":"reference","module":"rxjs/Subject","name":"Subject"},"members":{"__ctor__":[{"__symbolic":"constructor"}],"search":[{"__symbolic":"method"}],"cancel":[{"__symbolic":"method"}],"searchFields":[{"__symbolic":"method"}],"titleField":[{"__symbolic":"method"}],"descriptionField":[{"__symbolic":"method"}],"imageField":[{"__symbolic":"method"}],"convertToItem":[{"__symbolic":"method"}],"extractMatches":[{"__symbolic":"method"}],"extractTitle":[{"__symbolic":"method"}],"extractValue":[{"__symbolic":"method"}],"processResults":[{"__symbolic":"method"}]}}}},{"__symbolic":"module","version":1,"metadata":{"CompleterBaseData":{"__symbolic":"class","extends":{"__symbolic":"reference","module":"rxjs/Subject","name":"Subject"},"members":{"__ctor__":[{"__symbolic":"constructor"}],"search":[{"__symbolic":"method"}],"cancel":[{"__symbolic":"method"}],"searchFields":[{"__symbolic":"method"}],"titleField":[{"__symbolic":"method"}],"descriptionField":[{"__symbolic":"method"}],"imageField":[{"__symbolic":"method"}],"convertToItem":[{"__symbolic":"method"}],"extractMatches":[{"__symbolic":"method"}],"extractTitle":[{"__symbolic":"method"}],"extractValue":[{"__symbolic":"method"}],"processResults":[{"__symbolic":"method"}]}}}}]