[{"__symbolic":"module","version":3,"metadata":{"CompleterService":{"__symbolic":"class","decorators":[{"__symbolic":"call","expression":{"__symbolic":"reference","module":"@angular/core","name":"Injectable"}}],"members":{"__ctor__":[{"__symbolic":"constructor","parameterDecorators":[[{"__symbolic":"call","expression":{"__symbolic":"reference","module":"@angular/core","name":"Inject"},"arguments":[{"__symbolic":"reference","module":"./localDataService","name":"LocalData"}]}],[{"__symbolic":"call","expression":{"__symbolic":"reference","module":"@angular/core","name":"Inject"},"arguments":[{"__symbolic":"reference","module":"./remoteDataService","name":"RemoteData"}]}]],"parameters":[{"__symbolic":"reference","name":"any"},{"__symbolic":"reference","name":"any"}]}],"local":[{"__symbolic":"method"}],"remote":[{"__symbolic":"method"}]}}}},{"__symbolic":"module","version":1,"metadata":{"CompleterService":{"__symbolic":"class","decorators":[{"__symbolic":"call","expression":{"__symbolic":"reference","module":"@angular/core","name":"Injectable"}}],"members":{"__ctor__":[{"__symbolic":"constructor","parameterDecorators":[[{"__symbolic":"call","expression":{"__symbolic":"reference","module":"@angular/core","name":"Inject"},"arguments":[{"__symbolic":"reference","module":"./localDataService","name":"LocalData"}]}],[{"__symbolic":"call","expression":{"__symbolic":"reference","module":"@angular/core","name":"Inject"},"arguments":[{"__symbolic":"reference","module":"./remoteDataService","name":"RemoteData"}]}]],"parameters":[{"__symbolic":"reference","name":"any"},{"__symbolic":"reference","name":"any"}]}],"local":[{"__symbolic":"method"}],"remote":[{"__symbolic":"method"}]}}}}]