[{"__symbolic":"module","version":3,"metadata":{"localDataFactory":{"__symbolic":"function","parameters":[],"value":{"__symbolic":"error","message":"Function call not supported","line":7,"character":11}},"remoteDataFactory":{"__symbolic":"function","parameters":["http"],"value":{"__symbolic":"error","message":"Function call not supported","line":13,"character":11}},"LocalDataFactoryProvider":{"provide":{"__symbolic":"reference","module":"./localDataService","name":"LocalData"},"useFactory":{"__symbolic":"reference","name":"localDataFactory"}},"RemoteDataFactoryProvider":{"provide":{"__symbolic":"reference","module":"./remoteDataService","name":"RemoteData"},"useFactory":{"__symbolic":"reference","name":"remoteDataFactory"},"deps":[{"__symbolic":"reference","module":"@angular/http","name":"Http"}]}}},{"__symbolic":"module","version":1,"metadata":{"localDataFactory":{"__symbolic":"function","parameters":[],"value":{"__symbolic":"error","message":"Function call not supported","line":7,"character":11}},"remoteDataFactory":{"__symbolic":"function","parameters":["http"],"value":{"__symbolic":"error","message":"Function call not supported","line":13,"character":11}},"LocalDataFactoryProvider":{"provide":{"__symbolic":"reference","module":"./localDataService","name":"LocalData"},"useFactory":{"__symbolic":"reference","name":"localDataFactory"}},"RemoteDataFactoryProvider":{"provide":{"__symbolic":"reference","module":"./remoteDataService","name":"RemoteData"},"useFactory":{"__symbolic":"reference","name":"remoteDataFactory"},"deps":[{"__symbolic":"reference","module":"@angular/http","name":"Http"}]}}}]