[{"__symbolic":"module","version":3,"metadata":{"LocalData":{"__symbolic":"class","extends":{"__symbolic":"reference","module":"./baseDataService","name":"CompleterBaseData"},"decorators":[{"__symbolic":"call","expression":{"__symbolic":"reference","module":"@angular/core","name":"Injectable"}}],"members":{"__ctor__":[{"__symbolic":"constructor"}],"data":[{"__symbolic":"method"}],"search":[{"__symbolic":"method"}],"convertToItem":[{"__symbolic":"method"}]}}}},{"__symbolic":"module","version":1,"metadata":{"LocalData":{"__symbolic":"class","extends":{"__symbolic":"reference","module":"./baseDataService","name":"CompleterBaseData"},"decorators":[{"__symbolic":"call","expression":{"__symbolic":"reference","module":"@angular/core","name":"Injectable"}}],"members":{"__ctor__":[{"__symbolic":"constructor"}],"data":[{"__symbolic":"method"}],"search":[{"__symbolic":"method"}],"convertToItem":[{"__symbolic":"method"}]}}}}]