[{"__symbolic":"module","version":3,"metadata":{"RemoteData":{"__symbolic":"class","extends":{"__symbolic":"reference","module":"./baseDataService","name":"CompleterBaseData"},"members":{"__ctor__":[{"__symbolic":"constructor","parameters":[{"__symbolic":"reference","module":"@angular/http","name":"Http"}]}],"remoteUrl":[{"__symbolic":"method"}],"urlFormater":[{"__symbolic":"method"}],"dataField":[{"__symbolic":"method"}],"headers":[{"__symbolic":"method"}],"requestOptions":[{"__symbolic":"method"}],"search":[{"__symbolic":"method"}],"cancel":[{"__symbolic":"method"}],"convertToItem":[{"__symbolic":"method"}]}}}},{"__symbolic":"module","version":1,"metadata":{"RemoteData":{"__symbolic":"class","extends":{"__symbolic":"reference","module":"./baseDataService","name":"CompleterBaseData"},"members":{"__ctor__":[{"__symbolic":"constructor","parameters":[{"__symbolic":"reference","module":"@angular/http","name":"Http"}]}],"remoteUrl":[{"__symbolic":"method"}],"urlFormater":[{"__symbolic":"method"}],"dataField":[{"__symbolic":"method"}],"headers":[{"__symbolic":"method"}],"requestOptions":[{"__symbolic":"method"}],"search":[{"__symbolic":"method"}],"cancel":[{"__symbolic":"method"}],"convertToItem":[{"__symbolic":"method"}]}}}}]