[{"__symbolic":"module","version":3,"metadata":{"MDBRootModulePro":{"__symbolic":"class","decorators":[{"__symbolic":"call","expression":{"__symbolic":"reference","module":"@angular/core","name":"NgModule"},"arguments":[{"imports":[{"__symbolic":"reference","module":"./autocomplete","name":"Ng2CompleterModule"},{"__symbolic":"call","expression":{"__symbolic":"select","expression":{"__symbolic":"reference","module":"./cards/","name":"CardsModule"},"member":"forRoot"}},{"__symbolic":"reference","module":"./tags/","name":"MaterialChipsModule"},{"__symbolic":"call","expression":{"__symbolic":"select","expression":{"__symbolic":"reference","module":"./progress-bars/","name":"ProgressBars"},"member":"forRoot"}},{"__symbolic":"call","expression":{"__symbolic":"select","expression":{"__symbolic":"reference","module":"./tabs-pills/","name":"TabsModule"},"member":"forRoot"}},{"__symbolic":"call","expression":{"__symbolic":"select","expression":{"__symbolic":"reference","module":"./alerts/","name":"ToastrModule"},"member":"forRoot"}},{"__symbolic":"reference","module":"./material-select/","name":"SelectModule"},{"__symbolic":"reference","module":"./date-picker/","name":"MyDatePickerModule"},{"__symbolic":"reference","module":"./time-picker/","name":"timepickerModule"},{"__symbolic":"reference","module":"./lightbox/LightBoxModule","name":"LightBoxModule"},{"__symbolic":"reference","module":"./sidenav/","name":"SidenavModule"},{"__symbolic":"reference","module":"./easy-charts/","name":"chartSimpleModule"},{"__symbolic":"reference","module":"./accordion/","name":"SqueezeBoxModule"},{"__symbolic":"reference","module":"./stickyContent/","name":"NguiStickyModule"},{"__symbolic":"call","expression":{"__symbolic":"select","expression":{"__symbolic":"reference","module":"./smoothscroll/index","name":"Ng2PageScrollModule"},"member":"forRoot"}},{"__symbolic":"call","expression":{"__symbolic":"select","expression":{"__symbolic":"reference","module":"./inputs/","name":"charCounterModule"},"member":"forRoot"}},{"__symbolic":"reference","module":"./doubleNavigation/","name":"DoubleNavbarModule"}],"exports":[{"__symbolic":"reference","module":"./autocomplete","name":"Ng2CompleterModule"},{"__symbolic":"reference","module":"./cards/","name":"CardsModule"},{"__symbolic":"reference","module":"./file-input/","name":"NgUploaderModule"},{"__symbolic":"reference","module":"./tags/","name":"MaterialChipsModule"},{"__symbolic":"reference","module":"./progress-bars/","name":"ProgressBars"},{"__symbolic":"reference","module":"./tabs-pills/","name":"TabsModule"},{"__symbolic":"reference","module":"./alerts/","name":"ToastrModule"},{"__symbolic":"reference","module":"./material-select/","name":"SelectModule"},{"__symbolic":"reference","module":"./date-picker/","name":"MyDatePickerModule"},{"__symbolic":"reference","module":"./time-picker/","name":"timepickerModule"},{"__symbolic":"reference","module":"./lightbox/LightBoxModule","name":"LightBoxModule"},{"__symbolic":"reference","module":"./sidenav/","name":"SidenavModule"},{"__symbolic":"reference","module":"./easy-charts/","name":"chartSimpleModule"},{"__symbolic":"reference","module":"./accordion/","name":"SqueezeBoxModule"},{"__symbolic":"reference","module":"./stickyContent/","name":"NguiStickyModule"},{"__symbolic":"reference","module":"./smoothscroll/index","name":"Ng2PageScrollModule"},{"__symbolic":"reference","module":"./inputs/","name":"charCounterModule"},{"__symbolic":"reference","module":"./doubleNavigation/","name":"DoubleNavbarModule"}],"providers":[],"schemas":[{"__symbolic":"reference","module":"@angular/core","name":"NO_ERRORS_SCHEMA"}]}]}]},"MDBBootstrapModulePro":{"__symbolic":"class","decorators":[{"__symbolic":"call","expression":{"__symbolic":"reference","module":"@angular/core","name":"NgModule"},"arguments":[{"exports":[{"__symbolic":"reference","module":"./autocomplete","name":"Ng2CompleterModule"},{"__symbolic":"reference","module":"./cards/","name":"CardsModule"},{"__symbolic":"reference","module":"./file-input/","name":"NgUploaderModule"},{"__symbolic":"reference","module":"./tags/","name":"MaterialChipsModule"},{"__symbolic":"reference","module":"./progress-bars/","name":"ProgressBars"},{"__symbolic":"reference","module":"./tabs-pills/","name":"TabsModule"},{"__symbolic":"reference","module":"./alerts/","name":"ToastrModule"},{"__symbolic":"reference","module":"./material-select/","name":"SelectModule"},{"__symbolic":"reference","module":"./date-picker/","name":"MyDatePickerModule"},{"__symbolic":"reference","module":"./time-picker/","name":"timepickerModule"},{"__symbolic":"reference","module":"./lightbox/LightBoxModule","name":"LightBoxModule"},{"__symbolic":"reference","module":"./sidenav/","name":"SidenavModule"},{"__symbolic":"reference","module":"./easy-charts/","name":"chartSimpleModule"},{"__symbolic":"reference","module":"./accordion/","name":"SqueezeBoxModule"},{"__symbolic":"reference","module":"./stickyContent/","name":"NguiStickyModule"},{"__symbolic":"reference","module":"./smoothscroll/index","name":"Ng2PageScrollModule"},{"__symbolic":"reference","module":"./inputs/","name":"charCounterModule"},{"__symbolic":"reference","module":"./doubleNavigation/","name":"DoubleNavbarModule"}]}]}],"statics":{"forRoot":{"__symbolic":"function","parameters":[],"value":{"ngModule":{"__symbolic":"reference","name":"MDBRootModulePro"}}}}}},"exports":[{"from":"./autocomplete/","export":["Ng2CompleterModule","CompleterCmp","CompleterListItemCmp","CompleterService","LocalDataFactoryProvider","RemoteDataFactoryProvider","CtrCompleter","CtrDropdown","CtrInput","CtrList","CtrRow"]},{"from":"./cards/","export":["CardsModule","CardRotating","CardReveal"]},{"from":"./progress-bars/","export":["ProgressbarComponent","ProgressbarConfig","ProgressbarModule","ProgressBars","ProgressDirective","ProgressSpinnerComponent","BarComponent"]},{"from":"./tags/","export":["MaterialChipsComponent","MaterialChipsModule"]},{"from":"./tabs-pills/","export":["TabDirective","TabHeadingDirective","TabsetComponent","TabsetConfig","TabsModule","NgTranscludeDirective"]},{"from":"./preloader/preloaderService","export":["NgSpinningPreloader"]},{"from":"./alerts/","export":["Toast","ToastConfig","ToastContainerDirective","ToastContainerModule","ToastData","ToastrConfig","ToastRef","ToastrModule","ToastrService","ActiveToast","BasePortalHost","Overlay","OverlayContainer","OverlayRef","ComponentPortal"]},{"from":"./material-select/","export":["SelectModule","Diacritics","Option","OptionList","IOption","SELECT_VALUE_ACCESSOR","SelectComponent","SelectDropdownComponent"]},{"from":"./date-picker/","export":["MyDatePicker","MyDatePickerModule","IMyCalendarDay","IMyCalendarViewChanged","IMyDate","IMyDateModel","IMyDateRange","IMyDayLabels","IMyInputAutoFill","IMyInputFieldChanged","IMyInputFocusBlur","IMyLocales","IMyMarkedDate","IMyMarkedDates","IMyMonth","IMyMonthLabels","IMyOptions","IMyWeek","IMyWeekday","InputAutoFillDirective","MYDP_VALUE_ACCESSOR","UtilService","LocaleService","FocusDirective"]},{"from":"./time-picker/","export":["timepickerModule","ClockPicker"]},{"from":"./lightbox/","export":["LightBoxModule","ImageModal"]},{"from":"./sidenav/","export":["SidenavComponent","SidenavModule"]},{"from":"./easy-charts/","export":["chartSimpleModule","EasyPieChartComponent","SimpleChartComponent"]},{"from":"./accordion/","export":["SBItem","SBItemBody","SBItemHead","SqueezeBox","SqueezeBoxModule"]},{"from":"./stickyContent/","export":["NguiStickyDirective","NguiStickyModule"]},{"from":"./smoothscroll/","export":["Ng2PageScrollModule","PageScroll","PageScrollConfig","PageScrollingViews","PageScrollInstance","PageScrollService","PageScrollTarget","PageScrollUtilService","EasingLogic"]},{"from":"./inputs","export":["charCounter","charCounterModule"]},{"from":"./doubleNavigation/","export":["DOUBLE_NAVBAR_COMPONENTS","DoubleNavbarModule"]},{"from":"./file-input","export":["NgFileDropDirective","NgFileSelectDirective","NgUploaderModule","NgUploaderService","UploadFile","UploadOutput","UploadInput"]}]},{"__symbolic":"module","version":1,"metadata":{"MDBRootModulePro":{"__symbolic":"class","decorators":[{"__symbolic":"call","expression":{"__symbolic":"reference","module":"@angular/core","name":"NgModule"},"arguments":[{"imports":[{"__symbolic":"reference","module":"./autocomplete","name":"Ng2CompleterModule"},{"__symbolic":"call","expression":{"__symbolic":"select","expression":{"__symbolic":"reference","module":"./cards/","name":"CardsModule"},"member":"forRoot"}},{"__symbolic":"reference","module":"./tags/","name":"MaterialChipsModule"},{"__symbolic":"call","expression":{"__symbolic":"select","expression":{"__symbolic":"reference","module":"./progress-bars/","name":"ProgressBars"},"member":"forRoot"}},{"__symbolic":"call","expression":{"__symbolic":"select","expression":{"__symbolic":"reference","module":"./tabs-pills/","name":"TabsModule"},"member":"forRoot"}},{"__symbolic":"call","expression":{"__symbolic":"select","expression":{"__symbolic":"reference","module":"./alerts/","name":"ToastrModule"},"member":"forRoot"}},{"__symbolic":"reference","module":"./material-select/","name":"SelectModule"},{"__symbolic":"reference","module":"./date-picker/","name":"MyDatePickerModule"},{"__symbolic":"reference","module":"./time-picker/","name":"timepickerModule"},{"__symbolic":"reference","module":"./lightbox/LightBoxModule","name":"LightBoxModule"},{"__symbolic":"reference","module":"./sidenav/","name":"SidenavModule"},{"__symbolic":"reference","module":"./easy-charts/","name":"chartSimpleModule"},{"__symbolic":"reference","module":"./accordion/","name":"SqueezeBoxModule"},{"__symbolic":"reference","module":"./stickyContent/","name":"NguiStickyModule"},{"__symbolic":"call","expression":{"__symbolic":"select","expression":{"__symbolic":"reference","module":"./smoothscroll/index","name":"Ng2PageScrollModule"},"member":"forRoot"}},{"__symbolic":"call","expression":{"__symbolic":"select","expression":{"__symbolic":"reference","module":"./inputs/","name":"charCounterModule"},"member":"forRoot"}},{"__symbolic":"reference","module":"./doubleNavigation/","name":"DoubleNavbarModule"}],"exports":[{"__symbolic":"reference","module":"./autocomplete","name":"Ng2CompleterModule"},{"__symbolic":"reference","module":"./cards/","name":"CardsModule"},{"__symbolic":"reference","module":"./file-input/","name":"NgUploaderModule"},{"__symbolic":"reference","module":"./tags/","name":"MaterialChipsModule"},{"__symbolic":"reference","module":"./progress-bars/","name":"ProgressBars"},{"__symbolic":"reference","module":"./tabs-pills/","name":"TabsModule"},{"__symbolic":"reference","module":"./alerts/","name":"ToastrModule"},{"__symbolic":"reference","module":"./material-select/","name":"SelectModule"},{"__symbolic":"reference","module":"./date-picker/","name":"MyDatePickerModule"},{"__symbolic":"reference","module":"./time-picker/","name":"timepickerModule"},{"__symbolic":"reference","module":"./lightbox/LightBoxModule","name":"LightBoxModule"},{"__symbolic":"reference","module":"./sidenav/","name":"SidenavModule"},{"__symbolic":"reference","module":"./easy-charts/","name":"chartSimpleModule"},{"__symbolic":"reference","module":"./accordion/","name":"SqueezeBoxModule"},{"__symbolic":"reference","module":"./stickyContent/","name":"NguiStickyModule"},{"__symbolic":"reference","module":"./smoothscroll/index","name":"Ng2PageScrollModule"},{"__symbolic":"reference","module":"./inputs/","name":"charCounterModule"},{"__symbolic":"reference","module":"./doubleNavigation/","name":"DoubleNavbarModule"}],"providers":[],"schemas":[{"__symbolic":"reference","module":"@angular/core","name":"NO_ERRORS_SCHEMA"}]}]}]},"MDBBootstrapModulePro":{"__symbolic":"class","decorators":[{"__symbolic":"call","expression":{"__symbolic":"reference","module":"@angular/core","name":"NgModule"},"arguments":[{"exports":[{"__symbolic":"reference","module":"./autocomplete","name":"Ng2CompleterModule"},{"__symbolic":"reference","module":"./cards/","name":"CardsModule"},{"__symbolic":"reference","module":"./file-input/","name":"NgUploaderModule"},{"__symbolic":"reference","module":"./tags/","name":"MaterialChipsModule"},{"__symbolic":"reference","module":"./progress-bars/","name":"ProgressBars"},{"__symbolic":"reference","module":"./tabs-pills/","name":"TabsModule"},{"__symbolic":"reference","module":"./alerts/","name":"ToastrModule"},{"__symbolic":"reference","module":"./material-select/","name":"SelectModule"},{"__symbolic":"reference","module":"./date-picker/","name":"MyDatePickerModule"},{"__symbolic":"reference","module":"./time-picker/","name":"timepickerModule"},{"__symbolic":"reference","module":"./lightbox/LightBoxModule","name":"LightBoxModule"},{"__symbolic":"reference","module":"./sidenav/","name":"SidenavModule"},{"__symbolic":"reference","module":"./easy-charts/","name":"chartSimpleModule"},{"__symbolic":"reference","module":"./accordion/","name":"SqueezeBoxModule"},{"__symbolic":"reference","module":"./stickyContent/","name":"NguiStickyModule"},{"__symbolic":"reference","module":"./smoothscroll/index","name":"Ng2PageScrollModule"},{"__symbolic":"reference","module":"./inputs/","name":"charCounterModule"},{"__symbolic":"reference","module":"./doubleNavigation/","name":"DoubleNavbarModule"}]}]}],"statics":{"forRoot":{"__symbolic":"function","parameters":[],"value":{"ngModule":{"__symbolic":"reference","name":"MDBRootModulePro"}}}}}},"exports":[{"from":"./autocomplete/","export":["Ng2CompleterModule","CompleterCmp","CompleterListItemCmp","CompleterService","LocalDataFactoryProvider","RemoteDataFactoryProvider","CtrCompleter","CtrDropdown","CtrInput","CtrList","CtrRow"]},{"from":"./cards/","export":["CardsModule","CardRotating","CardReveal"]},{"from":"./progress-bars/","export":["ProgressbarComponent","ProgressbarConfig","ProgressbarModule","ProgressBars","ProgressDirective","ProgressSpinnerComponent","BarComponent"]},{"from":"./tags/","export":["MaterialChipsComponent","MaterialChipsModule"]},{"from":"./tabs-pills/","export":["TabDirective","TabHeadingDirective","TabsetComponent","TabsetConfig","TabsModule","NgTranscludeDirective"]},{"from":"./preloader/preloaderService","export":["NgSpinningPreloader"]},{"from":"./alerts/","export":["Toast","ToastConfig","ToastContainerDirective","ToastContainerModule","ToastData","ToastrConfig","ToastRef","ToastrModule","ToastrService","ActiveToast","BasePortalHost","Overlay","OverlayContainer","OverlayRef","ComponentPortal"]},{"from":"./material-select/","export":["SelectModule","Diacritics","Option","OptionList","IOption","SELECT_VALUE_ACCESSOR","SelectComponent","SelectDropdownComponent"]},{"from":"./date-picker/","export":["MyDatePicker","MyDatePickerModule","IMyCalendarDay","IMyCalendarViewChanged","IMyDate","IMyDateModel","IMyDateRange","IMyDayLabels","IMyInputAutoFill","IMyInputFieldChanged","IMyInputFocusBlur","IMyLocales","IMyMarkedDate","IMyMarkedDates","IMyMonth","IMyMonthLabels","IMyOptions","IMyWeek","IMyWeekday","InputAutoFillDirective","MYDP_VALUE_ACCESSOR","UtilService","LocaleService","FocusDirective"]},{"from":"./time-picker/","export":["timepickerModule","ClockPicker"]},{"from":"./lightbox/","export":["LightBoxModule","ImageModal"]},{"from":"./sidenav/","export":["SidenavComponent","SidenavModule"]},{"from":"./easy-charts/","export":["chartSimpleModule","EasyPieChartComponent","SimpleChartComponent"]},{"from":"./accordion/","export":["SBItem","SBItemBody","SBItemHead","SqueezeBox","SqueezeBoxModule"]},{"from":"./stickyContent/","export":["NguiStickyDirective","NguiStickyModule"]},{"from":"./smoothscroll/","export":["Ng2PageScrollModule","PageScroll","PageScrollConfig","PageScrollingViews","PageScrollInstance","PageScrollService","PageScrollTarget","PageScrollUtilService","EasingLogic"]},{"from":"./inputs","export":["charCounter","charCounterModule"]},{"from":"./doubleNavigation/","export":["DOUBLE_NAVBAR_COMPONENTS","DoubleNavbarModule"]},{"from":"./file-input","export":["NgFileDropDirective","NgFileSelectDirective","NgUploaderModule","NgUploaderService","UploadFile","UploadOutput","UploadInput"]}]}]