[{"__symbolic":"module","version":3,"metadata":{"DomPortalHost":{"__symbolic":"class","extends":{"__symbolic":"reference","module":"./portal","name":"BasePortalHost"},"members":{"__ctor__":[{"__symbolic":"constructor","parameters":[{"__symbolic":"error","message":"Could not resolve type","line":17,"character":31,"context":{"typeName":"Element"}},{"__symbolic":"reference","module":"@angular/core","name":"ComponentFactoryResolver"},{"__symbolic":"reference","module":"@angular/core","name":"ApplicationRef"}]}],"attachComponentPortal":[{"__symbolic":"method"}],"_getComponentRootNode":[{"__symbolic":"method"}]}}}},{"__symbolic":"module","version":1,"metadata":{"DomPortalHost":{"__symbolic":"class","extends":{"__symbolic":"reference","module":"./portal","name":"BasePortalHost"},"members":{"__ctor__":[{"__symbolic":"constructor","parameters":[{"__symbolic":"error","message":"Could not resolve type","line":17,"character":31,"context":{"typeName":"Element"}},{"__symbolic":"reference","module":"@angular/core","name":"ComponentFactoryResolver"},{"__symbolic":"reference","module":"@angular/core","name":"ApplicationRef"}]}],"attachComponentPortal":[{"__symbolic":"method"}],"_getComponentRootNode":[{"__symbolic":"method"}]}}}}]