[{"__symbolic":"module","version":3,"metadata":{"ComponentType":{"__symbolic":"interface"},"ComponentPortal":{"__symbolic":"class","arity":1,"members":{"__ctor__":[{"__symbolic":"constructor","parameters":[{"__symbolic":"reference","name":"any","arguments":[{"__symbolic":"error","message":"Could not resolve type","line":29,"character":39,"context":{"typeName":"T"}}]},{"__symbolic":"reference","module":"@angular/core","name":"Injector"}]}],"attach":[{"__symbolic":"method"}],"detach":[{"__symbolic":"method"}],"setAttachedHost":[{"__symbolic":"method"}]}},"BasePortalHost":{"__symbolic":"class","members":{"attach":[{"__symbolic":"method"}],"attachComponentPortal":[{"__symbolic":"method"}],"detach":[{"__symbolic":"method"}],"setDisposeFn":[{"__symbolic":"method"}]}}}},{"__symbolic":"module","version":1,"metadata":{"ComponentType":{"__symbolic":"interface"},"ComponentPortal":{"__symbolic":"class","arity":1,"members":{"__ctor__":[{"__symbolic":"constructor","parameters":[{"__symbolic":"reference","name":"any","arguments":[{"__symbolic":"error","message":"Could not resolve type","line":29,"character":39,"context":{"typeName":"T"}}]},{"__symbolic":"reference","module":"@angular/core","name":"Injector"}]}],"attach":[{"__symbolic":"method"}],"detach":[{"__symbolic":"method"}],"setAttachedHost":[{"__symbolic":"method"}]}},"BasePortalHost":{"__symbolic":"class","members":{"attach":[{"__symbolic":"method"}],"attachComponentPortal":[{"__symbolic":"method"}],"detach":[{"__symbolic":"method"}],"setDisposeFn":[{"__symbolic":"method"}]}}}}]