[{"__symbolic":"module","version":3,"metadata":{"MdProgressSpinnerModule":{"__symbolic":"class","decorators":[{"__symbolic":"call","expression":{"__symbolic":"reference","module":"@angular/core","name":"NgModule"},"arguments":[{"imports":[{"__symbolic":"reference","module":"../core/compatibility/compatibility","name":"CompatibilityModule"}],"exports":[{"__symbolic":"reference","module":"./progress-spinner","name":"MdProgressSpinner"},{"__symbolic":"reference","module":"./progress-spinner","name":"MdSpinner"},{"__symbolic":"reference","module":"../core/compatibility/compatibility","name":"CompatibilityModule"},{"__symbolic":"reference","module":"./progress-spinner","name":"MdProgressSpinnerCssMatStyler"},{"__symbolic":"reference","module":"../progressSpinnerComponent","name":"ProgressSpinnerComponent"}],"declarations":[{"__symbolic":"reference","module":"./progress-spinner","name":"MdProgressSpinner"},{"__symbolic":"reference","module":"./progress-spinner","name":"MdSpinner"},{"__symbolic":"reference","module":"./progress-spinner","name":"MdProgressSpinnerCssMatStyler"},{"__symbolic":"reference","module":"../progressSpinnerComponent","name":"ProgressSpinnerComponent"}]}]}],"statics":{"forRoot":{"__symbolic":"function","parameters":[],"value":{"ngModule":{"__symbolic":"reference","name":"MdProgressSpinnerModule"},"providers":[]}}}}},"exports":[{"from":"./progress-spinner"}]},{"__symbolic":"module","version":1,"metadata":{"MdProgressSpinnerModule":{"__symbolic":"class","decorators":[{"__symbolic":"call","expression":{"__symbolic":"reference","module":"@angular/core","name":"NgModule"},"arguments":[{"imports":[{"__symbolic":"reference","module":"../core/compatibility/compatibility","name":"CompatibilityModule"}],"exports":[{"__symbolic":"reference","module":"./progress-spinner","name":"MdProgressSpinner"},{"__symbolic":"reference","module":"./progress-spinner","name":"MdSpinner"},{"__symbolic":"reference","module":"../core/compatibility/compatibility","name":"CompatibilityModule"},{"__symbolic":"reference","module":"./progress-spinner","name":"MdProgressSpinnerCssMatStyler"},{"__symbolic":"reference","module":"../progressSpinnerComponent","name":"ProgressSpinnerComponent"}],"declarations":[{"__symbolic":"reference","module":"./progress-spinner","name":"MdProgressSpinner"},{"__symbolic":"reference","module":"./progress-spinner","name":"MdSpinner"},{"__symbolic":"reference","module":"./progress-spinner","name":"MdProgressSpinnerCssMatStyler"},{"__symbolic":"reference","module":"../progressSpinnerComponent","name":"ProgressSpinnerComponent"}]}]}],"statics":{"forRoot":{"__symbolic":"function","parameters":[],"value":{"ngModule":{"__symbolic":"reference","name":"MdProgressSpinnerModule"},"providers":[]}}}}},"exports":[{"from":"./progress-spinner"}]}]