[{"__symbolic":"module","version":3,"metadata":{"charCounterModule":{"__symbolic":"class","decorators":[{"__symbolic":"call","expression":{"__symbolic":"reference","module":"@angular/core","name":"NgModule"},"arguments":[{"declarations":[{"__symbolic":"reference","module":"./charCounter","name":"charCounter"}],"exports":[{"__symbolic":"reference","module":"./charCounter","name":"charCounter"}]}]}],"statics":{"forRoot":{"__symbolic":"function","parameters":[],"value":{"ngModule":{"__symbolic":"reference","name":"charCounterModule"},"providers":[]}}}}}},{"__symbolic":"module","version":1,"metadata":{"charCounterModule":{"__symbolic":"class","decorators":[{"__symbolic":"call","expression":{"__symbolic":"reference","module":"@angular/core","name":"NgModule"},"arguments":[{"declarations":[{"__symbolic":"reference","module":"./charCounter","name":"charCounter"}],"exports":[{"__symbolic":"reference","module":"./charCounter","name":"charCounter"}]}]}],"statics":{"forRoot":{"__symbolic":"function","parameters":[],"value":{"ngModule":{"__symbolic":"reference","name":"charCounterModule"},"providers":[]}}}}}}]