[{"__symbolic":"module","version":3,"metadata":{"DoubleNavbar":{"__symbolic":"class","decorators":[{"__symbolic":"call","expression":{"__symbolic":"reference","module":"@angular/core","name":"Component"},"arguments":[{"selector":"DoubleNavbar","template":"\n    <header>\n        <ul #sidenav class=\"side-nav fixed sn-bg-1\">\n            <ng-content select=\"SideNav\"></ng-content>\n            <div class=\"sidenav-bg mask-strong\"></div>\n        </ul>\n        <nav #navbar class=\"navbar double-nav {{ navbarClass }}\">\n            <div class=\"float-left\">\n                <a (click)=\"showSideNav(); shown = true;\" data-activates=\"slide-out\" class=\"button-collapse\"><i class=\"fa fa-bars\"></i></a>\n            </div>\n            <div class=\"breadcrumb-dn mr-auto\">\n                <ng-content select=\"breadcrumb\"></ng-content>\n            </div>\n            <ul class=\"nav navbar-nav nav-flex-icons ml-auto\">\n                <ng-content select=\"links\"></ng-content>\n            </ul>\n        </nav>\n        <div #overlay id=\"sidenav-overlay\" style=\"opacity: 0; display: none;\" (click)=\"hiddeSideNav(); shown = false\"></div>\n    </header>\n    ","host":{"(window:resize)":"windwosResize()","(window:scroll)":"scrolling($event)","$quoted$":["(window:resize)","(window:scroll)"]}}]}],"members":{"sideNav":[{"__symbolic":"property","decorators":[{"__symbolic":"call","expression":{"__symbolic":"reference","module":"@angular/core","name":"ViewChild"},"arguments":["sidenav"]}]}],"navbar":[{"__symbolic":"property","decorators":[{"__symbolic":"call","expression":{"__symbolic":"reference","module":"@angular/core","name":"ViewChild"},"arguments":["navbar"]}]}],"isNavbarFixed":[{"__symbolic":"property","decorators":[{"__symbolic":"call","expression":{"__symbolic":"reference","module":"@angular/core","name":"Input"},"arguments":["fixedNavbar"]}]}],"isSidenavFixed":[{"__symbolic":"property","decorators":[{"__symbolic":"call","expression":{"__symbolic":"reference","module":"@angular/core","name":"Input"},"arguments":["fixedSidenav"]}]}],"overlay":[{"__symbolic":"property","decorators":[{"__symbolic":"call","expression":{"__symbolic":"reference","module":"@angular/core","name":"ViewChild"},"arguments":["overlay"]}]}],"navbarClass":[{"__symbolic":"property","decorators":[{"__symbolic":"call","expression":{"__symbolic":"reference","module":"@angular/core","name":"Input"},"arguments":["navbarClass"]}]}],"isScrolling":[{"__symbolic":"property","decorators":[{"__symbolic":"call","expression":{"__symbolic":"reference","module":"@angular/core","name":"Input"},"arguments":["scrolling"]}]}],"__ctor__":[{"__symbolic":"constructor","parameters":[{"__symbolic":"reference","module":"@angular/core","name":"ElementRef"},{"__symbolic":"reference","module":"@angular/core","name":"Renderer"}]}],"ngAfterViewInit":[{"__symbolic":"method"}],"windwosResize":[{"__symbolic":"method"}],"showSideNav":[{"__symbolic":"method"}],"hiddeSideNav":[{"__symbolic":"method"}],"showOverlay":[{"__symbolic":"method"}],"hideOverlay":[{"__symbolic":"method"}],"scrolling":[{"__symbolic":"method"}]}}}},{"__symbolic":"module","version":1,"metadata":{"DoubleNavbar":{"__symbolic":"class","decorators":[{"__symbolic":"call","expression":{"__symbolic":"reference","module":"@angular/core","name":"Component"},"arguments":[{"selector":"DoubleNavbar","template":"\n    <header>\n        <ul #sidenav class=\"side-nav fixed sn-bg-1\">\n            <ng-content select=\"SideNav\"></ng-content>\n            <div class=\"sidenav-bg mask-strong\"></div>\n        </ul>\n        <nav #navbar class=\"navbar double-nav {{ navbarClass }}\">\n            <div class=\"float-left\">\n                <a (click)=\"showSideNav(); shown = true;\" data-activates=\"slide-out\" class=\"button-collapse\"><i class=\"fa fa-bars\"></i></a>\n            </div>\n            <div class=\"breadcrumb-dn mr-auto\">\n                <ng-content select=\"breadcrumb\"></ng-content>\n            </div>\n            <ul class=\"nav navbar-nav nav-flex-icons ml-auto\">\n                <ng-content select=\"links\"></ng-content>\n            </ul>\n        </nav>\n        <div #overlay id=\"sidenav-overlay\" style=\"opacity: 0; display: none;\" (click)=\"hiddeSideNav(); shown = false\"></div>\n    </header>\n    ","host":{"(window:resize)":"windwosResize()","(window:scroll)":"scrolling($event)"}}]}],"members":{"sideNav":[{"__symbolic":"property","decorators":[{"__symbolic":"call","expression":{"__symbolic":"reference","module":"@angular/core","name":"ViewChild"},"arguments":["sidenav"]}]}],"navbar":[{"__symbolic":"property","decorators":[{"__symbolic":"call","expression":{"__symbolic":"reference","module":"@angular/core","name":"ViewChild"},"arguments":["navbar"]}]}],"isNavbarFixed":[{"__symbolic":"property","decorators":[{"__symbolic":"call","expression":{"__symbolic":"reference","module":"@angular/core","name":"Input"},"arguments":["fixedNavbar"]}]}],"isSidenavFixed":[{"__symbolic":"property","decorators":[{"__symbolic":"call","expression":{"__symbolic":"reference","module":"@angular/core","name":"Input"},"arguments":["fixedSidenav"]}]}],"overlay":[{"__symbolic":"property","decorators":[{"__symbolic":"call","expression":{"__symbolic":"reference","module":"@angular/core","name":"ViewChild"},"arguments":["overlay"]}]}],"navbarClass":[{"__symbolic":"property","decorators":[{"__symbolic":"call","expression":{"__symbolic":"reference","module":"@angular/core","name":"Input"},"arguments":["navbarClass"]}]}],"isScrolling":[{"__symbolic":"property","decorators":[{"__symbolic":"call","expression":{"__symbolic":"reference","module":"@angular/core","name":"Input"},"arguments":["scrolling"]}]}],"__ctor__":[{"__symbolic":"constructor","parameters":[{"__symbolic":"reference","module":"@angular/core","name":"ElementRef"},{"__symbolic":"reference","module":"@angular/core","name":"Renderer"}]}],"ngAfterViewInit":[{"__symbolic":"method"}],"windwosResize":[{"__symbolic":"method"}],"showSideNav":[{"__symbolic":"method"}],"hiddeSideNav":[{"__symbolic":"method"}],"showOverlay":[{"__symbolic":"method"}],"hideOverlay":[{"__symbolic":"method"}],"scrolling":[{"__symbolic":"method"}]}}}}]