[{"__symbolic":"module","version":3,"metadata":{"DOUBLE_NAVBAR_COMPONENTS":[{"__symbolic":"reference","module":"./doubleNavbar","name":"DoubleNavbar"}],"DoubleNavbarModule":{"__symbolic":"class","decorators":[{"__symbolic":"call","expression":{"__symbolic":"reference","module":"@angular/core","name":"NgModule"},"arguments":[{"imports":[{"__symbolic":"reference","module":"@angular/common","name":"CommonModule"}],"declarations":[{"__symbolic":"reference","name":"DOUBLE_NAVBAR_COMPONENTS"}],"exports":[{"__symbolic":"reference","name":"DOUBLE_NAVBAR_COMPONENTS"}]}]}]}}},{"__symbolic":"module","version":1,"metadata":{"DOUBLE_NAVBAR_COMPONENTS":[{"__symbolic":"reference","module":"./doubleNavbar","name":"DoubleNavbar"}],"DoubleNavbarModule":{"__symbolic":"class","decorators":[{"__symbolic":"call","expression":{"__symbolic":"reference","module":"@angular/core","name":"NgModule"},"arguments":[{"imports":[{"__symbolic":"reference","module":"@angular/common","name":"CommonModule"}],"declarations":[{"__symbolic":"reference","name":"DOUBLE_NAVBAR_COMPONENTS"}],"exports":[{"__symbolic":"reference","name":"DOUBLE_NAVBAR_COMPONENTS"}]}]}]}}}]