[{"__symbolic":"module","version":3,"metadata":{"MYDP_VALUE_ACCESSOR":{"provide":{"__symbolic":"reference","module":"@angular/forms","name":"NG_VALUE_ACCESSOR"},"useExisting":{"__symbolic":"reference","name":"MyDatePicker"},"multi":true},"MyDatePicker":{"__symbolic":"class","decorators":[{"__symbolic":"call","expression":{"__symbolic":"reference","module":"@angular/core","name":"Component"},"arguments":[{"selector":"my-date-picker","exportAs":"mydatepicker","template":"\n        <div class=\"mydp picker\" [ngClass]=\"{'picker--opened': showSelector}\" [ngStyle]=\"{'width': opts.showInputField ? opts.width : null, 'border': opts.inline ? 'none' : null, '': !showSelector}\">\n        <!--<div class=\"selectiongroup\" *ngIf=\"!opts.inline\">-->\n            <div class=\"md-form\">\n                <label>\n                    \n                    <input *ngIf=\"opts.showInputField\" type=\"text\" class=\"form-control mydp-date\" [attr.aria-label]=\"opts.ariaLabelInputField\" (click)=\"opts.openSelectorOnInputClick&&!opts.editableDateField&&openBtnClicked()\" [attr.maxlength]=\"opts.dateFormat.length\" [ngClass]=\"{'invaliddate': invalidDate&&opts.indicateInvalidDate, 'inputnoteditable': opts.openSelectorOnInputClick&&!opts.editableDateField, 'selectiondisabled': opts.componentDisabled}\"\n                            placeholder=\"{{placeholder}}\" [myinputautofill]=\"autoFillOpts\" [ngModel]=\"selectionDayTxt\" (ngModelChange)=\"onUserDateInput($event)\" [value]=\"selectionDayTxt\"\n                        (focus)=\"opts.editableDateField&&onFocusInput($event)\" (blur)=\"opts.editableDateField&&onBlurInput($event)\" [disabled]=\"opts.componentDisabled\" [readonly]=\"!opts.editableDateField\" autocomplete=\"off\">\n                </label>\n            </div>\n            \n            <!--<div class=\"selbtngroup\" [style.height]=\"opts.height\">\n                <button type=\"button\" [attr.aria-label]=\"opts.ariaLabelOpenCalendar\" class=\"btnpicker\" (click)=\"openBtnClicked()\" [ngClass]=\"{'btnpickerenabled': !opts.componentDisabled, 'btnpickerdisabled': opts.componentDisabled, 'btnleftborder': opts.showInputField||selectionDayTxt.length>0&&opts.showClearDateBtn, 'btnleftborderradius': !opts.showClearDateBtn&&!opts.showInputField||!opts.showInputField&&selectionDayTxt.length===0}\" [disabled]=\"opts.componentDisabled\">\n                    <span class=\"mydpicon icon-mydpcalendar\"></span>\n                </button>\n            </div>-->\n        <!--</div>-->\n        <div class=\"selector picker__holder\" #divFocus  [mydpfocus]=\"opts.inline?'0':'1'\" [ngStyle]=\"{'bottom': getSelectorTopPosition()}\" [ngClass]=\"{'inlinedp': opts.inline, 'alignselectorright': opts.alignSelectorRight, 'selectorarrow': opts.showSelectorArrow&&!opts.inline, 'selectorarrowleft': opts.showSelectorArrow&&!opts.alignSelectorRight&&!opts.inline, 'selectorarrowright': opts.showSelectorArrow&&opts.alignSelectorRight&&!opts.inline}\" tabindex=\"0\">\n            <div class=\"picker__frame picker__box\">\n                <div class=\"picker__header\">\n                    <div class=\"picker__date-display\">\n                        <div class=\"picker__weekday-display\">{{ weekText(getWeekday(tmp)) }}</div>\n                        <div class=\"picker__month-display\">\n                            <div>{{ monthText(tmp.month) }}</div>\n                        </div>\n                        <div class=\"picker__day-display\">\n                            <div>{{ tmp.day }}</div>\n                        </div>\n                        <div class=\"picker__year-display\">\n                            <div>{{ tmp.year }}</div>\n                        </div>\n                    </div>\n                    <select class=\"picker__select--year\" [(ngModel)]=\"visibleMonth.year\" (ngModelChange)=\"onUserYearInput($event)\">\n                        <option *ngFor=\"let year of years\" [value]=\"year\">{{ year }}</option>\n                    </select>\n                    <select class=\"picker__select--month\" [(ngModel)]=\"visibleMonth.monthTxt\" (ngModelChange)=\"onUserMonthInput($event)\">\n                        <option *ngFor=\"let month of months\" [value]=\"month.short\">{{ month.label }}</option>\n                    </select>\n                    <button class=\"picker__nav--prev\" data-nav=\"-1\" role=\"button\" aria-controls=\"date-picker-example_table\" title=\"Previous month\" (click)=\"prevMonth()\" [disabled]=\"prevMonthDisabled\" [ngClass]=\"{'headerbtnenabled': !prevMonthDisabled, 'headerbtndisabled': prevMonthDisabled}\"></button>\n                    <button class=\"picker__nav--next\" data-nav=\"1\" role=\"button\" aria-controls=\"date-picker-example_table\" title=\"Next month\" (click)=\"nextMonth()\" [disabled]=\"nextMonthDisabled\" [ngClass]=\"{'headerbtnenabled': !nextMonthDisabled, 'headerbtndisabled': nextMonthDisabled}\"></button>\n                    <!--<div class=\"col\">\n                        <div class=\"row\">\n                            <div class=\"col-6 picker__controll\">\n                                <div class=\"headerbtncell\">\n                                    <button type=\"button\" [attr.aria-label]=\"opts.ariaLabelPrevMonth\" class=\"headerbtn picker__nav--prev\" (click)=\"prevMonth()\" [disabled]=\"prevMonthDisabled\" [ngClass]=\"{'headerbtnenabled': !prevMonthDisabled, 'headerbtndisabled': prevMonthDisabled}\"></button\n                                ></div>\n                                <div class=\"headermonthtxt\">\n                                    <input type=\"text\" *ngIf=\"editMonth\" class=\"monthinput\" maxlength=\"10\" [mydpfocus]=\"2\" [value]=\"visibleMonth.monthTxt\" [ngModel]=\"visibleMonth.monthTxt\" (ngModelChange)=\"onUserMonthInput($event)\" (click)=\"$event.stopPropagation()\" [ngClass]=\"{'invalidmonth': invalidMonth}\">\n                                    <button class=\"headerlabelbtn\" type=\"button\" [ngClass]=\"{'monthlabel': opts.editableMonthAndYear}\" *ngIf=\"!editMonth\" (click)=\"opts.editableMonthAndYear&&editMonthClicked($event)\" tabindex=\"{{opts.editableMonthAndYear?'0':'-1'}}\">{{visibleMonth.monthTxt}}</button>\n                                </div>\n                                <div class=\"headerbtncell\">\n                                    <button type=\"button\" [attr.aria-label]=\"opts.ariaLabelNextMonth\" class=\"headerbtn picker__nav--next\" (click)=\"nextMonth()\" [disabled]=\"nextMonthDisabled\" [ngClass]=\"{'headerbtnenabled': !nextMonthDisabled, 'headerbtndisabled': nextMonthDisabled}\"></button>\n                                </div>\n                            </div>\n                            <div class=\"col-6 picker__controll\">\n                                <div class=\"headerbtncell\">\n                                    <button type=\"button\" [attr.aria-label]=\"opts.ariaLabelPrevYear\" class=\"headerbtn picker__nav--prev\" (click)=\"prevYear()\" [disabled]=\"prevYearDisabled\" [ngClass]=\"{'headerbtnenabled': !prevYearDisabled, 'headerbtndisabled': prevYearDisabled}\"></button>\n                                </div>\n                                <div class=\"headeryeartxt\">\n                                    <input type=\"text\" *ngIf=\"editYear\" class=\"yearinput\" maxlength=\"4\" [mydpfocus]=\"2\" [value]=\"visibleMonth.year\" [ngModel]=\"visibleMonth.year\" (ngModelChange)=\"onUserYearInput($event)\" (click)=\"$event.stopPropagation()\" [ngClass]=\"{'invalidyear': invalidYear}\">\n                                    <button class=\"headerlabelbtn\" type=\"button\" [ngClass]=\"{'yearlabel': opts.editableMonthAndYear}\" *ngIf=\"!editYear\" (click)=\"opts.editableMonthAndYear&&editYearClicked($event)\" tabindex=\"{{opts.editableMonthAndYear?'0':'-1'}}\">{{visibleMonth.year}}</button>\n                                </div>\n                                <div class=\"headerbtncell\">\n                                    <button type=\"button\" [attr.aria-label]=\"opts.ariaLabelNextYear\" class=\"headerbtn picker__nav--next\" (click)=\"nextYear()\" [disabled]=\"nextYearDisabled\" [ngClass]=\"{'headerbtnenabled': !nextYearDisabled, 'headerbtndisabled': nextYearDisabled}\"></button>\n                                </div>\n                            </div>\n                        </div>\n                    </div>-->\n                </div>\n                <table class=\"picker__table\">\n                    <thead><tr><th class=\"picker__weekday weekdaytitleweeknbr\" *ngIf=\"opts.showWeekNumbers&&opts.firstDayOfWeek==='mo'\">#</th><th class=\"picker__weekday\" scope=\"col\" *ngFor=\"let d of weekDays\">{{d}}</th></tr></thead>\n                    <tbody>\n                        <tr *ngFor=\"let w of dates\">\n                            <td class=\"picker__day daycellweeknbr\" *ngIf=\"opts.showWeekNumbers&&opts.firstDayOfWeek==='mo'\">{{w.weekNbr}}</td>\n                            <td class=\"picker__day\" *ngFor=\"let d of w.week\" [ngClass]=\"{'picker__day--infocus':d.cmo===currMonthId&&!d.disabled, 'disabled': d.disabled, 'tablesingleday': d.cmo===currMonthId&&!d.disabled}\">\n                                <div *ngIf=\"d.markedDate.marked\" class=\"markdate\" [ngStyle]=\"{'background-color': d.markedDate.color}\"></div>\n                                <div class=\"picker__day\" [ngClass]=\"{'picker__day--infocus':d.cmo===currMonthId,'picker__day--outfocus': (d.cmo===nextMonthId || d.cmo===prevMonthId), 'picker__day--today':d.currDay&&opts.markCurrentDay, 'picker__day--selected picker__day--highlighted':selectedDate.day===d.dateObj.day && selectedDate.month===d.dateObj.month && selectedDate.year===d.dateObj.year && d.cmo===currMonthId}\" (click)=\"!d.disabled&&cellClicked(d);$event.stopPropagation()\" (keydown)=\"cellKeyDown($event, d)\" tabindex=\"0\">\n                                    {{d.dateObj.day}}\n                                </div>\n                            </td>\n                        </tr>\n                    </tbody>\n                </table>\n                <div class=\"picker__footer\">\n                    <button type=\"button\" class=\"picker__button--today\" (click)=\"todayClicked()\">\n                        {{opts.todayBtnTxt}}\n                    </button>\n                    <button type=\"button\" class=\"picker__button--clear\" (click)=\"removeBtnClicked()\">\n                        {{opts.clearBtnTxt}}\n                    </button>\n                    <button type=\"button\" class=\"picker__button--close\" (click)=\"showSelector = false; removeInlineStyle();\">\n                        {{opts.closeBtnTxt}}\n                    </button>\n                </div>\n            </div>\n        </div>\n    </div>\n    ","providers":[{"__symbolic":"reference","module":"./services/datepickerLocaleService","name":"LocaleService"},{"__symbolic":"reference","module":"./services/datepickerUtilService","name":"UtilService"},{"__symbolic":"reference","name":"MYDP_VALUE_ACCESSOR"}],"encapsulation":{"__symbolic":"select","expression":{"__symbolic":"reference","module":"@angular/core","name":"ViewEncapsulation"},"member":"None"}}]}],"members":{"options":[{"__symbolic":"property","decorators":[{"__symbolic":"call","expression":{"__symbolic":"reference","module":"@angular/core","name":"Input"}}]}],"locale":[{"__symbolic":"property","decorators":[{"__symbolic":"call","expression":{"__symbolic":"reference","module":"@angular/core","name":"Input"}}]}],"defaultMonth":[{"__symbolic":"property","decorators":[{"__symbolic":"call","expression":{"__symbolic":"reference","module":"@angular/core","name":"Input"}}]}],"selDate":[{"__symbolic":"property","decorators":[{"__symbolic":"call","expression":{"__symbolic":"reference","module":"@angular/core","name":"Input"}}]}],"placeholder":[{"__symbolic":"property","decorators":[{"__symbolic":"call","expression":{"__symbolic":"reference","module":"@angular/core","name":"Input"}}]}],"selector":[{"__symbolic":"property","decorators":[{"__symbolic":"call","expression":{"__symbolic":"reference","module":"@angular/core","name":"Input"}}]}],"disabled":[{"__symbolic":"property","decorators":[{"__symbolic":"call","expression":{"__symbolic":"reference","module":"@angular/core","name":"Input"}}]}],"dateChanged":[{"__symbolic":"property","decorators":[{"__symbolic":"call","expression":{"__symbolic":"reference","module":"@angular/core","name":"Output"}}]}],"inputFieldChanged":[{"__symbolic":"property","decorators":[{"__symbolic":"call","expression":{"__symbolic":"reference","module":"@angular/core","name":"Output"}}]}],"calendarViewChanged":[{"__symbolic":"property","decorators":[{"__symbolic":"call","expression":{"__symbolic":"reference","module":"@angular/core","name":"Output"}}]}],"calendarToggle":[{"__symbolic":"property","decorators":[{"__symbolic":"call","expression":{"__symbolic":"reference","module":"@angular/core","name":"Output"}}]}],"inputFocusBlur":[{"__symbolic":"property","decorators":[{"__symbolic":"call","expression":{"__symbolic":"reference","module":"@angular/core","name":"Output"}}]}],"divFocus":[{"__symbolic":"property","decorators":[{"__symbolic":"call","expression":{"__symbolic":"reference","module":"@angular/core","name":"ViewChild"},"arguments":["divFocus"]}]}],"__ctor__":[{"__symbolic":"constructor","parameters":[{"__symbolic":"reference","module":"@angular/core","name":"ElementRef"},{"__symbolic":"reference","module":"@angular/core","name":"Renderer"},{"__symbolic":"reference","module":"@angular/core","name":"ChangeDetectorRef"},{"__symbolic":"reference","module":"./services/datepickerLocaleService","name":"LocaleService"},{"__symbolic":"reference","module":"./services/datepickerUtilService","name":"UtilService"}]}],"removeInlineStyle":[{"__symbolic":"method"}],"setLocaleOptions":[{"__symbolic":"method"}],"setOptions":[{"__symbolic":"method"}],"getSelectorTopPosition":[{"__symbolic":"method"}],"resetMonthYearEdit":[{"__symbolic":"method"}],"editMonthClicked":[{"__symbolic":"method"}],"editYearClicked":[{"__symbolic":"method"}],"onUserDateInput":[{"__symbolic":"method"}],"onFocusInput":[{"__symbolic":"method"}],"onBlurInput":[{"__symbolic":"method"}],"onUserMonthInput":[{"__symbolic":"method"}],"onUserYearInput":[{"__symbolic":"method"}],"isTodayDisabled":[{"__symbolic":"method"}],"parseOptions":[{"__symbolic":"method"}],"writeValue":[{"__symbolic":"method"}],"registerOnChange":[{"__symbolic":"method"}],"registerOnTouched":[{"__symbolic":"method"}],"ngOnChanges":[{"__symbolic":"method"}],"removeBtnClicked":[{"__symbolic":"method"}],"openBtnClicked":[{"__symbolic":"method"}],"setVisibleMonth":[{"__symbolic":"method"}],"monthList":[{"__symbolic":"method"}],"yearsList":[{"__symbolic":"method"}],"prevMonth":[{"__symbolic":"method"}],"nextMonth":[{"__symbolic":"method"}],"prevYear":[{"__symbolic":"method"}],"nextYear":[{"__symbolic":"method"}],"todayClicked":[{"__symbolic":"method"}],"cellClicked":[{"__symbolic":"method"}],"cellKeyDown":[{"__symbolic":"method"}],"clearDate":[{"__symbolic":"method"}],"selectDate":[{"__symbolic":"method"}],"updateDateValue":[{"__symbolic":"method"}],"getDateModel":[{"__symbolic":"method"}],"preZero":[{"__symbolic":"method"}],"formatDate":[{"__symbolic":"method"}],"monthText":[{"__symbolic":"method"}],"weekText":[{"__symbolic":"method"}],"monthStartIdx":[{"__symbolic":"method"}],"daysInMonth":[{"__symbolic":"method"}],"daysInPrevMonth":[{"__symbolic":"method"}],"isCurrDay":[{"__symbolic":"method"}],"getToday":[{"__symbolic":"method"}],"getTimeInMilliseconds":[{"__symbolic":"method"}],"getWeekday":[{"__symbolic":"method"}],"getDate":[{"__symbolic":"method"}],"sundayIdx":[{"__symbolic":"method"}],"generateCalendar":[{"__symbolic":"method"}],"parseSelectedDate":[{"__symbolic":"method"}],"parseSelectedMonth":[{"__symbolic":"method"}],"setHeaderBtnDisabledState":[{"__symbolic":"method"}]}}}},{"__symbolic":"module","version":1,"metadata":{"MYDP_VALUE_ACCESSOR":{"provide":{"__symbolic":"reference","module":"@angular/forms","name":"NG_VALUE_ACCESSOR"},"useExisting":{"__symbolic":"reference","name":"MyDatePicker"},"multi":true},"MyDatePicker":{"__symbolic":"class","decorators":[{"__symbolic":"call","expression":{"__symbolic":"reference","module":"@angular/core","name":"Component"},"arguments":[{"selector":"my-date-picker","exportAs":"mydatepicker","template":"\n        <div class=\"mydp picker\" [ngClass]=\"{'picker--opened': showSelector}\" [ngStyle]=\"{'width': opts.showInputField ? opts.width : null, 'border': opts.inline ? 'none' : null, '': !showSelector}\">\n        <!--<div class=\"selectiongroup\" *ngIf=\"!opts.inline\">-->\n            <div class=\"md-form\">\n                <label>\n                    \n                    <input *ngIf=\"opts.showInputField\" type=\"text\" class=\"form-control mydp-date\" [attr.aria-label]=\"opts.ariaLabelInputField\" (click)=\"opts.openSelectorOnInputClick&&!opts.editableDateField&&openBtnClicked()\" [attr.maxlength]=\"opts.dateFormat.length\" [ngClass]=\"{'invaliddate': invalidDate&&opts.indicateInvalidDate, 'inputnoteditable': opts.openSelectorOnInputClick&&!opts.editableDateField, 'selectiondisabled': opts.componentDisabled}\"\n                            placeholder=\"{{placeholder}}\" [myinputautofill]=\"autoFillOpts\" [ngModel]=\"selectionDayTxt\" (ngModelChange)=\"onUserDateInput($event)\" [value]=\"selectionDayTxt\"\n                        (focus)=\"opts.editableDateField&&onFocusInput($event)\" (blur)=\"opts.editableDateField&&onBlurInput($event)\" [disabled]=\"opts.componentDisabled\" [readonly]=\"!opts.editableDateField\" autocomplete=\"off\">\n                </label>\n            </div>\n            \n            <!--<div class=\"selbtngroup\" [style.height]=\"opts.height\">\n                <button type=\"button\" [attr.aria-label]=\"opts.ariaLabelOpenCalendar\" class=\"btnpicker\" (click)=\"openBtnClicked()\" [ngClass]=\"{'btnpickerenabled': !opts.componentDisabled, 'btnpickerdisabled': opts.componentDisabled, 'btnleftborder': opts.showInputField||selectionDayTxt.length>0&&opts.showClearDateBtn, 'btnleftborderradius': !opts.showClearDateBtn&&!opts.showInputField||!opts.showInputField&&selectionDayTxt.length===0}\" [disabled]=\"opts.componentDisabled\">\n                    <span class=\"mydpicon icon-mydpcalendar\"></span>\n                </button>\n            </div>-->\n        <!--</div>-->\n        <div class=\"selector picker__holder\" #divFocus  [mydpfocus]=\"opts.inline?'0':'1'\" [ngStyle]=\"{'bottom': getSelectorTopPosition()}\" [ngClass]=\"{'inlinedp': opts.inline, 'alignselectorright': opts.alignSelectorRight, 'selectorarrow': opts.showSelectorArrow&&!opts.inline, 'selectorarrowleft': opts.showSelectorArrow&&!opts.alignSelectorRight&&!opts.inline, 'selectorarrowright': opts.showSelectorArrow&&opts.alignSelectorRight&&!opts.inline}\" tabindex=\"0\">\n            <div class=\"picker__frame picker__box\">\n                <div class=\"picker__header\">\n                    <div class=\"picker__date-display\">\n                        <div class=\"picker__weekday-display\">{{ weekText(getWeekday(tmp)) }}</div>\n                        <div class=\"picker__month-display\">\n                            <div>{{ monthText(tmp.month) }}</div>\n                        </div>\n                        <div class=\"picker__day-display\">\n                            <div>{{ tmp.day }}</div>\n                        </div>\n                        <div class=\"picker__year-display\">\n                            <div>{{ tmp.year }}</div>\n                        </div>\n                    </div>\n                    <select class=\"picker__select--year\" [(ngModel)]=\"visibleMonth.year\" (ngModelChange)=\"onUserYearInput($event)\">\n                        <option *ngFor=\"let year of years\" [value]=\"year\">{{ year }}</option>\n                    </select>\n                    <select class=\"picker__select--month\" [(ngModel)]=\"visibleMonth.monthTxt\" (ngModelChange)=\"onUserMonthInput($event)\">\n                        <option *ngFor=\"let month of months\" [value]=\"month.short\">{{ month.label }}</option>\n                    </select>\n                    <button class=\"picker__nav--prev\" data-nav=\"-1\" role=\"button\" aria-controls=\"date-picker-example_table\" title=\"Previous month\" (click)=\"prevMonth()\" [disabled]=\"prevMonthDisabled\" [ngClass]=\"{'headerbtnenabled': !prevMonthDisabled, 'headerbtndisabled': prevMonthDisabled}\"></button>\n                    <button class=\"picker__nav--next\" data-nav=\"1\" role=\"button\" aria-controls=\"date-picker-example_table\" title=\"Next month\" (click)=\"nextMonth()\" [disabled]=\"nextMonthDisabled\" [ngClass]=\"{'headerbtnenabled': !nextMonthDisabled, 'headerbtndisabled': nextMonthDisabled}\"></button>\n                    <!--<div class=\"col\">\n                        <div class=\"row\">\n                            <div class=\"col-6 picker__controll\">\n                                <div class=\"headerbtncell\">\n                                    <button type=\"button\" [attr.aria-label]=\"opts.ariaLabelPrevMonth\" class=\"headerbtn picker__nav--prev\" (click)=\"prevMonth()\" [disabled]=\"prevMonthDisabled\" [ngClass]=\"{'headerbtnenabled': !prevMonthDisabled, 'headerbtndisabled': prevMonthDisabled}\"></button\n                                ></div>\n                                <div class=\"headermonthtxt\">\n                                    <input type=\"text\" *ngIf=\"editMonth\" class=\"monthinput\" maxlength=\"10\" [mydpfocus]=\"2\" [value]=\"visibleMonth.monthTxt\" [ngModel]=\"visibleMonth.monthTxt\" (ngModelChange)=\"onUserMonthInput($event)\" (click)=\"$event.stopPropagation()\" [ngClass]=\"{'invalidmonth': invalidMonth}\">\n                                    <button class=\"headerlabelbtn\" type=\"button\" [ngClass]=\"{'monthlabel': opts.editableMonthAndYear}\" *ngIf=\"!editMonth\" (click)=\"opts.editableMonthAndYear&&editMonthClicked($event)\" tabindex=\"{{opts.editableMonthAndYear?'0':'-1'}}\">{{visibleMonth.monthTxt}}</button>\n                                </div>\n                                <div class=\"headerbtncell\">\n                                    <button type=\"button\" [attr.aria-label]=\"opts.ariaLabelNextMonth\" class=\"headerbtn picker__nav--next\" (click)=\"nextMonth()\" [disabled]=\"nextMonthDisabled\" [ngClass]=\"{'headerbtnenabled': !nextMonthDisabled, 'headerbtndisabled': nextMonthDisabled}\"></button>\n                                </div>\n                            </div>\n                            <div class=\"col-6 picker__controll\">\n                                <div class=\"headerbtncell\">\n                                    <button type=\"button\" [attr.aria-label]=\"opts.ariaLabelPrevYear\" class=\"headerbtn picker__nav--prev\" (click)=\"prevYear()\" [disabled]=\"prevYearDisabled\" [ngClass]=\"{'headerbtnenabled': !prevYearDisabled, 'headerbtndisabled': prevYearDisabled}\"></button>\n                                </div>\n                                <div class=\"headeryeartxt\">\n                                    <input type=\"text\" *ngIf=\"editYear\" class=\"yearinput\" maxlength=\"4\" [mydpfocus]=\"2\" [value]=\"visibleMonth.year\" [ngModel]=\"visibleMonth.year\" (ngModelChange)=\"onUserYearInput($event)\" (click)=\"$event.stopPropagation()\" [ngClass]=\"{'invalidyear': invalidYear}\">\n                                    <button class=\"headerlabelbtn\" type=\"button\" [ngClass]=\"{'yearlabel': opts.editableMonthAndYear}\" *ngIf=\"!editYear\" (click)=\"opts.editableMonthAndYear&&editYearClicked($event)\" tabindex=\"{{opts.editableMonthAndYear?'0':'-1'}}\">{{visibleMonth.year}}</button>\n                                </div>\n                                <div class=\"headerbtncell\">\n                                    <button type=\"button\" [attr.aria-label]=\"opts.ariaLabelNextYear\" class=\"headerbtn picker__nav--next\" (click)=\"nextYear()\" [disabled]=\"nextYearDisabled\" [ngClass]=\"{'headerbtnenabled': !nextYearDisabled, 'headerbtndisabled': nextYearDisabled}\"></button>\n                                </div>\n                            </div>\n                        </div>\n                    </div>-->\n                </div>\n                <table class=\"picker__table\">\n                    <thead><tr><th class=\"picker__weekday weekdaytitleweeknbr\" *ngIf=\"opts.showWeekNumbers&&opts.firstDayOfWeek==='mo'\">#</th><th class=\"picker__weekday\" scope=\"col\" *ngFor=\"let d of weekDays\">{{d}}</th></tr></thead>\n                    <tbody>\n                        <tr *ngFor=\"let w of dates\">\n                            <td class=\"picker__day daycellweeknbr\" *ngIf=\"opts.showWeekNumbers&&opts.firstDayOfWeek==='mo'\">{{w.weekNbr}}</td>\n                            <td class=\"picker__day\" *ngFor=\"let d of w.week\" [ngClass]=\"{'picker__day--infocus':d.cmo===currMonthId&&!d.disabled, 'disabled': d.disabled, 'tablesingleday': d.cmo===currMonthId&&!d.disabled}\">\n                                <div *ngIf=\"d.markedDate.marked\" class=\"markdate\" [ngStyle]=\"{'background-color': d.markedDate.color}\"></div>\n                                <div class=\"picker__day\" [ngClass]=\"{'picker__day--infocus':d.cmo===currMonthId,'picker__day--outfocus': (d.cmo===nextMonthId || d.cmo===prevMonthId), 'picker__day--today':d.currDay&&opts.markCurrentDay, 'picker__day--selected picker__day--highlighted':selectedDate.day===d.dateObj.day && selectedDate.month===d.dateObj.month && selectedDate.year===d.dateObj.year && d.cmo===currMonthId}\" (click)=\"!d.disabled&&cellClicked(d);$event.stopPropagation()\" (keydown)=\"cellKeyDown($event, d)\" tabindex=\"0\">\n                                    {{d.dateObj.day}}\n                                </div>\n                            </td>\n                        </tr>\n                    </tbody>\n                </table>\n                <div class=\"picker__footer\">\n                    <button type=\"button\" class=\"picker__button--today\" (click)=\"todayClicked()\">\n                        {{opts.todayBtnTxt}}\n                    </button>\n                    <button type=\"button\" class=\"picker__button--clear\" (click)=\"removeBtnClicked()\">\n                        {{opts.clearBtnTxt}}\n                    </button>\n                    <button type=\"button\" class=\"picker__button--close\" (click)=\"showSelector = false; removeInlineStyle();\">\n                        {{opts.closeBtnTxt}}\n                    </button>\n                </div>\n            </div>\n        </div>\n    </div>\n    ","providers":[{"__symbolic":"reference","module":"./services/datepickerLocaleService","name":"LocaleService"},{"__symbolic":"reference","module":"./services/datepickerUtilService","name":"UtilService"},{"__symbolic":"reference","name":"MYDP_VALUE_ACCESSOR"}],"encapsulation":{"__symbolic":"select","expression":{"__symbolic":"reference","module":"@angular/core","name":"ViewEncapsulation"},"member":"None"}}]}],"members":{"options":[{"__symbolic":"property","decorators":[{"__symbolic":"call","expression":{"__symbolic":"reference","module":"@angular/core","name":"Input"}}]}],"locale":[{"__symbolic":"property","decorators":[{"__symbolic":"call","expression":{"__symbolic":"reference","module":"@angular/core","name":"Input"}}]}],"defaultMonth":[{"__symbolic":"property","decorators":[{"__symbolic":"call","expression":{"__symbolic":"reference","module":"@angular/core","name":"Input"}}]}],"selDate":[{"__symbolic":"property","decorators":[{"__symbolic":"call","expression":{"__symbolic":"reference","module":"@angular/core","name":"Input"}}]}],"placeholder":[{"__symbolic":"property","decorators":[{"__symbolic":"call","expression":{"__symbolic":"reference","module":"@angular/core","name":"Input"}}]}],"selector":[{"__symbolic":"property","decorators":[{"__symbolic":"call","expression":{"__symbolic":"reference","module":"@angular/core","name":"Input"}}]}],"disabled":[{"__symbolic":"property","decorators":[{"__symbolic":"call","expression":{"__symbolic":"reference","module":"@angular/core","name":"Input"}}]}],"dateChanged":[{"__symbolic":"property","decorators":[{"__symbolic":"call","expression":{"__symbolic":"reference","module":"@angular/core","name":"Output"}}]}],"inputFieldChanged":[{"__symbolic":"property","decorators":[{"__symbolic":"call","expression":{"__symbolic":"reference","module":"@angular/core","name":"Output"}}]}],"calendarViewChanged":[{"__symbolic":"property","decorators":[{"__symbolic":"call","expression":{"__symbolic":"reference","module":"@angular/core","name":"Output"}}]}],"calendarToggle":[{"__symbolic":"property","decorators":[{"__symbolic":"call","expression":{"__symbolic":"reference","module":"@angular/core","name":"Output"}}]}],"inputFocusBlur":[{"__symbolic":"property","decorators":[{"__symbolic":"call","expression":{"__symbolic":"reference","module":"@angular/core","name":"Output"}}]}],"divFocus":[{"__symbolic":"property","decorators":[{"__symbolic":"call","expression":{"__symbolic":"reference","module":"@angular/core","name":"ViewChild"},"arguments":["divFocus"]}]}],"__ctor__":[{"__symbolic":"constructor","parameters":[{"__symbolic":"reference","module":"@angular/core","name":"ElementRef"},{"__symbolic":"reference","module":"@angular/core","name":"Renderer"},{"__symbolic":"reference","module":"@angular/core","name":"ChangeDetectorRef"},{"__symbolic":"reference","module":"./services/datepickerLocaleService","name":"LocaleService"},{"__symbolic":"reference","module":"./services/datepickerUtilService","name":"UtilService"}]}],"removeInlineStyle":[{"__symbolic":"method"}],"setLocaleOptions":[{"__symbolic":"method"}],"setOptions":[{"__symbolic":"method"}],"getSelectorTopPosition":[{"__symbolic":"method"}],"resetMonthYearEdit":[{"__symbolic":"method"}],"editMonthClicked":[{"__symbolic":"method"}],"editYearClicked":[{"__symbolic":"method"}],"onUserDateInput":[{"__symbolic":"method"}],"onFocusInput":[{"__symbolic":"method"}],"onBlurInput":[{"__symbolic":"method"}],"onUserMonthInput":[{"__symbolic":"method"}],"onUserYearInput":[{"__symbolic":"method"}],"isTodayDisabled":[{"__symbolic":"method"}],"parseOptions":[{"__symbolic":"method"}],"writeValue":[{"__symbolic":"method"}],"registerOnChange":[{"__symbolic":"method"}],"registerOnTouched":[{"__symbolic":"method"}],"ngOnChanges":[{"__symbolic":"method"}],"removeBtnClicked":[{"__symbolic":"method"}],"openBtnClicked":[{"__symbolic":"method"}],"setVisibleMonth":[{"__symbolic":"method"}],"monthList":[{"__symbolic":"method"}],"yearsList":[{"__symbolic":"method"}],"prevMonth":[{"__symbolic":"method"}],"nextMonth":[{"__symbolic":"method"}],"prevYear":[{"__symbolic":"method"}],"nextYear":[{"__symbolic":"method"}],"todayClicked":[{"__symbolic":"method"}],"cellClicked":[{"__symbolic":"method"}],"cellKeyDown":[{"__symbolic":"method"}],"clearDate":[{"__symbolic":"method"}],"selectDate":[{"__symbolic":"method"}],"updateDateValue":[{"__symbolic":"method"}],"getDateModel":[{"__symbolic":"method"}],"preZero":[{"__symbolic":"method"}],"formatDate":[{"__symbolic":"method"}],"monthText":[{"__symbolic":"method"}],"weekText":[{"__symbolic":"method"}],"monthStartIdx":[{"__symbolic":"method"}],"daysInMonth":[{"__symbolic":"method"}],"daysInPrevMonth":[{"__symbolic":"method"}],"isCurrDay":[{"__symbolic":"method"}],"getToday":[{"__symbolic":"method"}],"getTimeInMilliseconds":[{"__symbolic":"method"}],"getWeekday":[{"__symbolic":"method"}],"getDate":[{"__symbolic":"method"}],"sundayIdx":[{"__symbolic":"method"}],"generateCalendar":[{"__symbolic":"method"}],"parseSelectedDate":[{"__symbolic":"method"}],"parseSelectedMonth":[{"__symbolic":"method"}],"setHeaderBtnDisabledState":[{"__symbolic":"method"}]}}}}]