[{"__symbolic":"module","version":3,"metadata":{"MyDatePickerModule":{"__symbolic":"class","decorators":[{"__symbolic":"call","expression":{"__symbolic":"reference","module":"@angular/core","name":"NgModule"},"arguments":[{"imports":[{"__symbolic":"reference","module":"@angular/common","name":"CommonModule"},{"__symbolic":"reference","module":"@angular/forms","name":"FormsModule"}],"declarations":[{"__symbolic":"reference","module":"./datepickerComponent","name":"MyDatePicker"},{"__symbolic":"reference","module":"./directives/datepickerFocusDirective","name":"FocusDirective"},{"__symbolic":"reference","module":"./directives/datepickerAutofillDirective","name":"InputAutoFillDirective"}],"exports":[{"__symbolic":"reference","module":"./datepickerComponent","name":"MyDatePicker"},{"__symbolic":"reference","module":"./directives/datepickerFocusDirective","name":"FocusDirective"},{"__symbolic":"reference","module":"./directives/datepickerAutofillDirective","name":"InputAutoFillDirective"}]}]}]}}},{"__symbolic":"module","version":1,"metadata":{"MyDatePickerModule":{"__symbolic":"class","decorators":[{"__symbolic":"call","expression":{"__symbolic":"reference","module":"@angular/core","name":"NgModule"},"arguments":[{"imports":[{"__symbolic":"reference","module":"@angular/common","name":"CommonModule"},{"__symbolic":"reference","module":"@angular/forms","name":"FormsModule"}],"declarations":[{"__symbolic":"reference","module":"./datepickerComponent","name":"MyDatePicker"},{"__symbolic":"reference","module":"./directives/datepickerFocusDirective","name":"FocusDirective"},{"__symbolic":"reference","module":"./directives/datepickerAutofillDirective","name":"InputAutoFillDirective"}],"exports":[{"__symbolic":"reference","module":"./datepickerComponent","name":"MyDatePicker"},{"__symbolic":"reference","module":"./directives/datepickerFocusDirective","name":"FocusDirective"},{"__symbolic":"reference","module":"./directives/datepickerAutofillDirective","name":"InputAutoFillDirective"}]}]}]}}}]