[{"__symbolic":"module","version":3,"metadata":{},"exports":[{"from":"./services/datepickerLocaleService"},{"from":"./services/datepickerUtilService"},{"from":"./directives/datepickerFocusDirective"},{"from":"./directives/datepickerAutofillDirective"},{"from":"./datepickerComponent"},{"from":"./datepickerModule"},{"from":"./interfaces/index"}]},{"__symbolic":"module","version":1,"metadata":{},"exports":[{"from":"./services/datepickerLocaleService"},{"from":"./services/datepickerUtilService"},{"from":"./directives/datepickerFocusDirective"},{"from":"./directives/datepickerAutofillDirective"},{"from":"./datepickerComponent"},{"from":"./datepickerModule"},{"from":"./interfaces/index"}]}]