[{"__symbolic":"module","version":3,"metadata":{"OverlayRef":{"__symbolic":"class","members":{"__ctor__":[{"__symbolic":"constructor","parameters":[{"__symbolic":"reference","module":"../portal/portal","name":"BasePortalHost"},{"__symbolic":"error","message":"Could not resolve type","line":10,"character":21,"context":{"typeName":"HTMLElement"}},{"__symbolic":"reference","module":"@angular/core","name":"NgZone"}]}],"attach":[{"__symbolic":"method"}],"detach":[{"__symbolic":"method"}]}}}},{"__symbolic":"module","version":1,"metadata":{"OverlayRef":{"__symbolic":"class","members":{"__ctor__":[{"__symbolic":"constructor","parameters":[{"__symbolic":"reference","module":"../portal/portal","name":"BasePortalHost"},{"__symbolic":"error","message":"Could not resolve type","line":10,"character":21,"context":{"typeName":"HTMLElement"}},{"__symbolic":"reference","module":"@angular/core","name":"NgZone"}]}],"attach":[{"__symbolic":"method"}],"detach":[{"__symbolic":"method"}]}}}}]