[{"__symbolic":"module","version":3,"metadata":{"Overlay":{"__symbolic":"class","decorators":[{"__symbolic":"call","expression":{"__symbolic":"reference","module":"@angular/core","name":"Injectable"}}],"members":{"__ctor__":[{"__symbolic":"constructor","parameters":[{"__symbolic":"reference","module":"./overlay-container","name":"OverlayContainer"},{"__symbolic":"reference","module":"@angular/core","name":"ComponentFactoryResolver"},{"__symbolic":"reference","module":"@angular/core","name":"ApplicationRef"},{"__symbolic":"reference","module":"@angular/core","name":"NgZone"}]}],"create":[{"__symbolic":"method"}],"getPaneElement":[{"__symbolic":"method"}],"_createPaneElement":[{"__symbolic":"method"}],"_createPortalHost":[{"__symbolic":"method"}],"_createOverlayRef":[{"__symbolic":"method"}]}},"OVERLAY_PROVIDERS":[{"__symbolic":"reference","name":"Overlay"},{"__symbolic":"reference","module":"./overlay-container","name":"OverlayContainer"}]}},{"__symbolic":"module","version":1,"metadata":{"Overlay":{"__symbolic":"class","decorators":[{"__symbolic":"call","expression":{"__symbolic":"reference","module":"@angular/core","name":"Injectable"}}],"members":{"__ctor__":[{"__symbolic":"constructor","parameters":[{"__symbolic":"reference","module":"./overlay-container","name":"OverlayContainer"},{"__symbolic":"reference","module":"@angular/core","name":"ComponentFactoryResolver"},{"__symbolic":"reference","module":"@angular/core","name":"ApplicationRef"},{"__symbolic":"reference","module":"@angular/core","name":"NgZone"}]}],"create":[{"__symbolic":"method"}],"getPaneElement":[{"__symbolic":"method"}],"_createPaneElement":[{"__symbolic":"method"}],"_createPortalHost":[{"__symbolic":"method"}],"_createOverlayRef":[{"__symbolic":"method"}]}},"OVERLAY_PROVIDERS":[{"__symbolic":"reference","name":"Overlay"},{"__symbolic":"reference","module":"./overlay-container","name":"OverlayContainer"}]}}]