[{"__symbolic":"module","version":3,"metadata":{"UploadStatus":{"Queue":0,"Uploading":1,"Done":2,"Canceled":3},"UploadProgress":{"__symbolic":"interface"},"UploadFile":{"__symbolic":"interface"},"UploadOutput":{"__symbolic":"interface"},"UploadInput":{"__symbolic":"interface"},"humanizeBytes":{"__symbolic":"function"},"NgUploaderService":{"__symbolic":"class","members":{"__ctor__":[{"__symbolic":"constructor"}],"handleFiles":[{"__symbolic":"method"}],"initInputEvents":[{"__symbolic":"method"}],"uploadFile":[{"__symbolic":"method"}],"generateId":[{"__symbolic":"method"}]}}}},{"__symbolic":"module","version":1,"metadata":{"UploadStatus":{"Queue":0,"Uploading":1,"Done":2,"Canceled":3},"UploadProgress":{"__symbolic":"interface"},"UploadFile":{"__symbolic":"interface"},"UploadOutput":{"__symbolic":"interface"},"UploadInput":{"__symbolic":"interface"},"humanizeBytes":{"__symbolic":"function"},"NgUploaderService":{"__symbolic":"class","members":{"__ctor__":[{"__symbolic":"constructor"}],"handleFiles":[{"__symbolic":"method"}],"initInputEvents":[{"__symbolic":"method"}],"uploadFile":[{"__symbolic":"method"}],"generateId":[{"__symbolic":"method"}]}}}}]