[{"__symbolic":"module","version":3,"metadata":{"BarComponent":{"__symbolic":"class","decorators":[{"__symbolic":"call","expression":{"__symbolic":"reference","module":"@angular/core","name":"Component"},"arguments":[{"selector":"bar","template":"\n  <div class=\"progress-bar\"\n    style=\"min-width: 0;\"\n    role=\"progressbar\"\n    [ngClass]=\"type && 'progress-bar-' + type\"\n    [ngStyle]=\"{width: (percent < 100 ? percent : 100) + '%', transition: transition}\"\n    aria-valuemin=\"0\"\n    [attr.aria-valuenow]=\"value\"\n    [attr.aria-valuetext]=\"percent.toFixed(0) + '%'\"\n    [attr.aria-valuemax]=\"max\"><ng-content></ng-content></div>\n"}]}],"members":{"type":[{"__symbolic":"property","decorators":[{"__symbolic":"call","expression":{"__symbolic":"reference","module":"@angular/core","name":"Input"}}]}],"value":[{"__symbolic":"property","decorators":[{"__symbolic":"call","expression":{"__symbolic":"reference","module":"@angular/core","name":"Input"}}]}],"__ctor__":[{"__symbolic":"constructor","parameterDecorators":[[{"__symbolic":"call","expression":{"__symbolic":"reference","module":"@angular/core","name":"Host"}}]],"parameters":[{"__symbolic":"reference","module":"./progressDirective","name":"ProgressDirective"}]}],"ngOnInit":[{"__symbolic":"method"}],"ngOnDestroy":[{"__symbolic":"method"}],"recalculatePercentage":[{"__symbolic":"method"}]}}}},{"__symbolic":"module","version":1,"metadata":{"BarComponent":{"__symbolic":"class","decorators":[{"__symbolic":"call","expression":{"__symbolic":"reference","module":"@angular/core","name":"Component"},"arguments":[{"selector":"bar","template":"\n  <div class=\"progress-bar\"\n    style=\"min-width: 0;\"\n    role=\"progressbar\"\n    [ngClass]=\"type && 'progress-bar-' + type\"\n    [ngStyle]=\"{width: (percent < 100 ? percent : 100) + '%', transition: transition}\"\n    aria-valuemin=\"0\"\n    [attr.aria-valuenow]=\"value\"\n    [attr.aria-valuetext]=\"percent.toFixed(0) + '%'\"\n    [attr.aria-valuemax]=\"max\"><ng-content></ng-content></div>\n"}]}],"members":{"type":[{"__symbolic":"property","decorators":[{"__symbolic":"call","expression":{"__symbolic":"reference","module":"@angular/core","name":"Input"}}]}],"value":[{"__symbolic":"property","decorators":[{"__symbolic":"call","expression":{"__symbolic":"reference","module":"@angular/core","name":"Input"}}]}],"__ctor__":[{"__symbolic":"constructor","parameterDecorators":[[{"__symbolic":"call","expression":{"__symbolic":"reference","module":"@angular/core","name":"Host"}}]],"parameters":[{"__symbolic":"reference","module":"./progressDirective","name":"ProgressDirective"}]}],"ngOnInit":[{"__symbolic":"method"}],"ngOnDestroy":[{"__symbolic":"method"}],"recalculatePercentage":[{"__symbolic":"method"}]}}}}]