[{"__symbolic":"module","version":3,"metadata":{"MaterialRootModule":{"__symbolic":"class","decorators":[{"__symbolic":"call","expression":{"__symbolic":"reference","module":"@angular/core","name":"NgModule"},"arguments":[{"imports":[{"__symbolic":"call","expression":{"__symbolic":"select","expression":{"__symbolic":"reference","module":"./progress-bars/","name":"MdProgressBarModule"},"member":"forRoot"}},{"__symbolic":"call","expression":{"__symbolic":"select","expression":{"__symbolic":"reference","module":"./progress-spinner/","name":"MdProgressSpinnerModule"},"member":"forRoot"}},{"__symbolic":"call","expression":{"__symbolic":"select","expression":{"__symbolic":"reference","module":"./progressbarModule","name":"ProgressbarModule"},"member":"forRoot"}}],"exports":[{"__symbolic":"reference","module":"./progress-bars/","name":"MdProgressBarModule"},{"__symbolic":"reference","module":"./progress-spinner/","name":"MdProgressSpinnerModule"},{"__symbolic":"reference","module":"./progressbarModule","name":"ProgressbarModule"}]}]}]},"ProgressBars":{"__symbolic":"class","decorators":[{"__symbolic":"call","expression":{"__symbolic":"reference","module":"@angular/core","name":"NgModule"},"arguments":[{"imports":[{"__symbolic":"reference","module":"./progress-bars/","name":"MdProgressBarModule"},{"__symbolic":"reference","module":"./progress-spinner/","name":"MdProgressSpinnerModule"},{"__symbolic":"reference","module":"./progressbarModule","name":"ProgressbarModule"}],"exports":[{"__symbolic":"reference","module":"./progress-bars/","name":"MdProgressBarModule"},{"__symbolic":"reference","module":"./progress-spinner/","name":"MdProgressSpinnerModule"},{"__symbolic":"reference","module":"./progressbarModule","name":"ProgressbarModule"}]}]}],"statics":{"forRoot":{"__symbolic":"function","parameters":[],"value":{"ngModule":{"__symbolic":"reference","name":"MaterialRootModule"}}}}}},"exports":[{"from":"./barComponent","export":["BarComponent"]},{"from":"./progressDirective","export":["ProgressDirective"]},{"from":"./progressbarComponent","export":["ProgressbarComponent"]},{"from":"./progressbarModule","export":["ProgressbarModule"]},{"from":"./progressbarConfig","export":["ProgressbarConfig"]},{"from":"./progressSpinnerComponent","export":["ProgressSpinnerComponent"]}]},{"__symbolic":"module","version":1,"metadata":{"MaterialRootModule":{"__symbolic":"class","decorators":[{"__symbolic":"call","expression":{"__symbolic":"reference","module":"@angular/core","name":"NgModule"},"arguments":[{"imports":[{"__symbolic":"call","expression":{"__symbolic":"select","expression":{"__symbolic":"reference","module":"./progress-bars/","name":"MdProgressBarModule"},"member":"forRoot"}},{"__symbolic":"call","expression":{"__symbolic":"select","expression":{"__symbolic":"reference","module":"./progress-spinner/","name":"MdProgressSpinnerModule"},"member":"forRoot"}},{"__symbolic":"call","expression":{"__symbolic":"select","expression":{"__symbolic":"reference","module":"./progressbarModule","name":"ProgressbarModule"},"member":"forRoot"}}],"exports":[{"__symbolic":"reference","module":"./progress-bars/","name":"MdProgressBarModule"},{"__symbolic":"reference","module":"./progress-spinner/","name":"MdProgressSpinnerModule"},{"__symbolic":"reference","module":"./progressbarModule","name":"ProgressbarModule"}]}]}]},"ProgressBars":{"__symbolic":"class","decorators":[{"__symbolic":"call","expression":{"__symbolic":"reference","module":"@angular/core","name":"NgModule"},"arguments":[{"imports":[{"__symbolic":"reference","module":"./progress-bars/","name":"MdProgressBarModule"},{"__symbolic":"reference","module":"./progress-spinner/","name":"MdProgressSpinnerModule"},{"__symbolic":"reference","module":"./progressbarModule","name":"ProgressbarModule"}],"exports":[{"__symbolic":"reference","module":"./progress-bars/","name":"MdProgressBarModule"},{"__symbolic":"reference","module":"./progress-spinner/","name":"MdProgressSpinnerModule"},{"__symbolic":"reference","module":"./progressbarModule","name":"ProgressbarModule"}]}]}],"statics":{"forRoot":{"__symbolic":"function","parameters":[],"value":{"ngModule":{"__symbolic":"reference","name":"MaterialRootModule"}}}}}},"exports":[{"from":"./barComponent","export":["BarComponent"]},{"from":"./progressDirective","export":["ProgressDirective"]},{"from":"./progressbarComponent","export":["ProgressbarComponent"]},{"from":"./progressbarModule","export":["ProgressbarModule"]},{"from":"./progressbarConfig","export":["ProgressbarConfig"]},{"from":"./progressSpinnerComponent","export":["ProgressSpinnerComponent"]}]}]