[{"__symbolic":"module","version":3,"metadata":{"ProgressSpinnerComponent":{"__symbolic":"class","decorators":[{"__symbolic":"call","expression":{"__symbolic":"reference","module":"@angular/core","name":"Component"},"arguments":[{"selector":"progress-spinner","template":"\n    <div class=\"preloader-wrapper {{spinnerType}}\">\n        <md-progress-spinner mode=\"indeterminate\"></md-progress-spinner>\n    </div>\n  ","styles":[]}]}],"members":{"spinnerType":[{"__symbolic":"property","decorators":[{"__symbolic":"call","expression":{"__symbolic":"reference","module":"@angular/core","name":"Input"}}]}],"spinnerColor":[{"__symbolic":"property","decorators":[{"__symbolic":"call","expression":{"__symbolic":"reference","module":"@angular/core","name":"Input"}}]}],"__ctor__":[{"__symbolic":"constructor","parameters":[{"__symbolic":"reference","module":"@angular/core","name":"ElementRef"}]}],"ngAfterViewInit":[{"__symbolic":"method"}],"spinerRun":[{"__symbolic":"method"}]}}}},{"__symbolic":"module","version":1,"metadata":{"ProgressSpinnerComponent":{"__symbolic":"class","decorators":[{"__symbolic":"call","expression":{"__symbolic":"reference","module":"@angular/core","name":"Component"},"arguments":[{"selector":"progress-spinner","template":"\n    <div class=\"preloader-wrapper {{spinnerType}}\">\n        <md-progress-spinner mode=\"indeterminate\"></md-progress-spinner>\n    </div>\n  ","styles":[]}]}],"members":{"spinnerType":[{"__symbolic":"property","decorators":[{"__symbolic":"call","expression":{"__symbolic":"reference","module":"@angular/core","name":"Input"}}]}],"spinnerColor":[{"__symbolic":"property","decorators":[{"__symbolic":"call","expression":{"__symbolic":"reference","module":"@angular/core","name":"Input"}}]}],"__ctor__":[{"__symbolic":"constructor","parameters":[{"__symbolic":"reference","module":"@angular/core","name":"ElementRef"}]}],"ngAfterViewInit":[{"__symbolic":"method"}],"spinerRun":[{"__symbolic":"method"}]}}}}]