[{"__symbolic":"module","version":3,"metadata":{"ProgressbarModule":{"__symbolic":"class","decorators":[{"__symbolic":"call","expression":{"__symbolic":"reference","module":"@angular/core","name":"NgModule"},"arguments":[{"imports":[{"__symbolic":"reference","module":"@angular/common","name":"CommonModule"}],"declarations":[{"__symbolic":"reference","module":"./progressDirective","name":"ProgressDirective"},{"__symbolic":"reference","module":"./barComponent","name":"BarComponent"},{"__symbolic":"reference","module":"./progressbarComponent","name":"ProgressbarComponent"}],"exports":[{"__symbolic":"reference","module":"./progressDirective","name":"ProgressDirective"},{"__symbolic":"reference","module":"./barComponent","name":"BarComponent"},{"__symbolic":"reference","module":"./progressbarComponent","name":"ProgressbarComponent"}]}]}],"statics":{"forRoot":{"__symbolic":"function","parameters":[],"value":{"ngModule":{"__symbolic":"reference","name":"ProgressbarModule"},"providers":[{"__symbolic":"reference","module":"./progressbarConfig","name":"ProgressbarConfig"}]}}}}}},{"__symbolic":"module","version":1,"metadata":{"ProgressbarModule":{"__symbolic":"class","decorators":[{"__symbolic":"call","expression":{"__symbolic":"reference","module":"@angular/core","name":"NgModule"},"arguments":[{"imports":[{"__symbolic":"reference","module":"@angular/common","name":"CommonModule"}],"declarations":[{"__symbolic":"reference","module":"./progressDirective","name":"ProgressDirective"},{"__symbolic":"reference","module":"./barComponent","name":"BarComponent"},{"__symbolic":"reference","module":"./progressbarComponent","name":"ProgressbarComponent"}],"exports":[{"__symbolic":"reference","module":"./progressDirective","name":"ProgressDirective"},{"__symbolic":"reference","module":"./barComponent","name":"BarComponent"},{"__symbolic":"reference","module":"./progressbarComponent","name":"ProgressbarComponent"}]}]}],"statics":{"forRoot":{"__symbolic":"function","parameters":[],"value":{"ngModule":{"__symbolic":"reference","name":"ProgressbarModule"},"providers":[{"__symbolic":"reference","module":"./progressbarConfig","name":"ProgressbarConfig"}]}}}}}}]