[{"__symbolic":"module","version":3,"metadata":{"CompleterCmp":{"__symbolic":"class","decorators":[{"__symbolic":"call","expression":{"__symbolic":"reference","module":"@angular/core","name":"Component"},"arguments":[{"selector":"ng2-completer","template":"\n        <div class=\"completer-holder md-form\" ctrCompleter>\n            \n            <input #ctrInput [attr.id]=\"inputId.length > 0 ? inputId : null\" type=\"search\" class=\"completer-input form-control mdb-autocomplete\" ctrInput [ngClass]=\"inputClass\" \n                [(ngModel)]=\"searchStr\" (ngModelChange)=\"onChange($event)\" [attr.name]=\"inputName\" [placeholder]=\"placeholder\"\n                [attr.maxlength]=\"maxChars\" [tabindex]=\"fieldTabindex\" [disabled]=\"disableInput\" \n                [clearSelected]=\"clearSelected\" [clearUnselected]=\"clearUnselected\"\n                [overrideSuggested]=\"overrideSuggested\" [openOnFocus]=\"openOnFocus\" [fillHighlighted]=\"fillHighlighted\" \n                (blur)=\"onBlur()\" (focus)=\"onFocus()\" (keyup)=\"onKeyup($event)\" (keydown)=\"onKeydown($event)\"\n                autocomplete=\"off\" autocorrect=\"off\" autocapitalize=\"off\" />\n            <label [ngClass]=\"{'active': focused}\">{{ label }}</label>\n            <div class=\"completer-dropdown-holder\"\n                *ctrList=\"dataService;\n                    minSearchLength: minSearchLength;\n                    pause: pause;\n                    autoMatch: autoMatch;\n                    initialValue: initialValue;\n                    autoHighlight: autoHighlight;\n                    let items = results;\n                    let searchActive = searching;\n                    let isInitialized = searchInitialized;\n                    let isOpen = isOpen;\">\n                <div class=\"completer-dropdown\" ctrDropdown *ngIf=\"isInitialized && isOpen && ((items.length > 0 || displayNoResults) || (searchActive && displaySearching))\">\n                    <div *ngIf=\"searchActive && displaySearching\" class=\"completer-searching\">{{_textSearching}}</div>\n                    <div *ngIf=\"!searchActive && (!items || items.length === 0)\" class=\"completer-no-results\">{{_textNoResults}}</div>\n                    <div class=\"completer-row-wrapper\" *ngFor=\"let item of items; let rowIndex=index\">\n                        <div class=\"completer-row\" [ctrRow]=\"rowIndex\" [dataItem]=\"item\">\n                            <div *ngIf=\"item.image || item.image === ''\" class=\"completer-image-holder\">\n                                <img *ngIf=\"item.image != ''\" src=\"{{item.image}}\" class=\"completer-image\" />\n                                <div *ngIf=\"item.image === ''\" class=\"completer-image-default\"></div>\n                            </div>\n                            <div class=\"completer-item-text\" [ngClass]=\"{'completer-item-text-image': item.image || item.image === '' }\">\n                                <completer-list-item class=\"completer-title\" [text]=\"item.title\" [matchClass]=\"matchClass\" [searchStr]=\"searchStr\" [type]=\"'title'\"></completer-list-item>\n                                <completer-list-item *ngIf=\"item.description && item.description != ''\" class=\"completer-description\" [text]=\"item.description\"\n                                    [matchClass]=\"matchClass\" [searchStr]=\"searchStr\" [type]=\"'description'\">\n                                </completer-list-item>\n                            </div>\n                        </div>\n                    </div>\n                </div>\n            </div>\n        </div>\n    ","providers":[{"provide":{"__symbolic":"reference","module":"@angular/forms","name":"NG_VALUE_ACCESSOR"},"useExisting":{"__symbolic":"reference","name":"CompleterCmp"},"multi":true}]}]}],"members":{"dataService":[{"__symbolic":"property","decorators":[{"__symbolic":"call","expression":{"__symbolic":"reference","module":"@angular/core","name":"Input"}}]}],"inputName":[{"__symbolic":"property","decorators":[{"__symbolic":"call","expression":{"__symbolic":"reference","module":"@angular/core","name":"Input"}}]}],"inputId":[{"__symbolic":"property","decorators":[{"__symbolic":"call","expression":{"__symbolic":"reference","module":"@angular/core","name":"Input"}}]}],"pause":[{"__symbolic":"property","decorators":[{"__symbolic":"call","expression":{"__symbolic":"reference","module":"@angular/core","name":"Input"}}]}],"minSearchLength":[{"__symbolic":"property","decorators":[{"__symbolic":"call","expression":{"__symbolic":"reference","module":"@angular/core","name":"Input"}}]}],"maxChars":[{"__symbolic":"property","decorators":[{"__symbolic":"call","expression":{"__symbolic":"reference","module":"@angular/core","name":"Input"}}]}],"overrideSuggested":[{"__symbolic":"property","decorators":[{"__symbolic":"call","expression":{"__symbolic":"reference","module":"@angular/core","name":"Input"}}]}],"clearSelected":[{"__symbolic":"property","decorators":[{"__symbolic":"call","expression":{"__symbolic":"reference","module":"@angular/core","name":"Input"}}]}],"clearUnselected":[{"__symbolic":"property","decorators":[{"__symbolic":"call","expression":{"__symbolic":"reference","module":"@angular/core","name":"Input"}}]}],"fillHighlighted":[{"__symbolic":"property","decorators":[{"__symbolic":"call","expression":{"__symbolic":"reference","module":"@angular/core","name":"Input"}}]}],"placeholder":[{"__symbolic":"property","decorators":[{"__symbolic":"call","expression":{"__symbolic":"reference","module":"@angular/core","name":"Input"}}]}],"matchClass":[{"__symbolic":"property","decorators":[{"__symbolic":"call","expression":{"__symbolic":"reference","module":"@angular/core","name":"Input"}}]}],"fieldTabindex":[{"__symbolic":"property","decorators":[{"__symbolic":"call","expression":{"__symbolic":"reference","module":"@angular/core","name":"Input"}}]}],"autoMatch":[{"__symbolic":"property","decorators":[{"__symbolic":"call","expression":{"__symbolic":"reference","module":"@angular/core","name":"Input"}}]}],"disableInput":[{"__symbolic":"property","decorators":[{"__symbolic":"call","expression":{"__symbolic":"reference","module":"@angular/core","name":"Input"}}]}],"inputClass":[{"__symbolic":"property","decorators":[{"__symbolic":"call","expression":{"__symbolic":"reference","module":"@angular/core","name":"Input"}}]}],"autofocus":[{"__symbolic":"property","decorators":[{"__symbolic":"call","expression":{"__symbolic":"reference","module":"@angular/core","name":"Input"}}]}],"openOnFocus":[{"__symbolic":"property","decorators":[{"__symbolic":"call","expression":{"__symbolic":"reference","module":"@angular/core","name":"Input"}}]}],"initialValue":[{"__symbolic":"property","decorators":[{"__symbolic":"call","expression":{"__symbolic":"reference","module":"@angular/core","name":"Input"}}]}],"autoHighlight":[{"__symbolic":"property","decorators":[{"__symbolic":"call","expression":{"__symbolic":"reference","module":"@angular/core","name":"Input"}}]}],"label":[{"__symbolic":"property","decorators":[{"__symbolic":"call","expression":{"__symbolic":"reference","module":"@angular/core","name":"Input"}}]}],"selected":[{"__symbolic":"property","decorators":[{"__symbolic":"call","expression":{"__symbolic":"reference","module":"@angular/core","name":"Output"}}]}],"highlighted":[{"__symbolic":"property","decorators":[{"__symbolic":"call","expression":{"__symbolic":"reference","module":"@angular/core","name":"Output"}}]}],"blur":[{"__symbolic":"property","decorators":[{"__symbolic":"call","expression":{"__symbolic":"reference","module":"@angular/core","name":"Output"}}]}],"focusEvent":[{"__symbolic":"property","decorators":[{"__symbolic":"call","expression":{"__symbolic":"reference","module":"@angular/core","name":"Output"},"arguments":["focus"]}]}],"opened":[{"__symbolic":"property","decorators":[{"__symbolic":"call","expression":{"__symbolic":"reference","module":"@angular/core","name":"Output"}}]}],"keyup":[{"__symbolic":"property","decorators":[{"__symbolic":"call","expression":{"__symbolic":"reference","module":"@angular/core","name":"Output"}}]}],"keydown":[{"__symbolic":"property","decorators":[{"__symbolic":"call","expression":{"__symbolic":"reference","module":"@angular/core","name":"Output"}}]}],"completer":[{"__symbolic":"property","decorators":[{"__symbolic":"call","expression":{"__symbolic":"reference","module":"@angular/core","name":"ViewChild"},"arguments":[{"__symbolic":"reference","module":"../directives/completerDirective","name":"CtrCompleter"}]}]}],"ctrInput":[{"__symbolic":"property","decorators":[{"__symbolic":"call","expression":{"__symbolic":"reference","module":"@angular/core","name":"ViewChild"},"arguments":["ctrInput"]}]}],"__ctor__":[{"__symbolic":"constructor","parameters":[{"__symbolic":"reference","module":"../services/completerService","name":"CompleterService"}]}],"ngAfterViewInit":[{"__symbolic":"method"}],"ngAfterViewChecked":[{"__symbolic":"method"}],"onTouched":[{"__symbolic":"method"}],"writeValue":[{"__symbolic":"method"}],"registerOnChange":[{"__symbolic":"method"}],"registerOnTouched":[{"__symbolic":"method"}],"datasource":[{"__symbolic":"property","decorators":[{"__symbolic":"call","expression":{"__symbolic":"reference","module":"@angular/core","name":"Input"}}]}],"textNoResults":[{"__symbolic":"property","decorators":[{"__symbolic":"call","expression":{"__symbolic":"reference","module":"@angular/core","name":"Input"}}]}],"textSearching":[{"__symbolic":"property","decorators":[{"__symbolic":"call","expression":{"__symbolic":"reference","module":"@angular/core","name":"Input"}}]}],"ngOnInit":[{"__symbolic":"method"}],"onBlur":[{"__symbolic":"method"}],"onFocus":[{"__symbolic":"method"}],"onKeyup":[{"__symbolic":"method"}],"onKeydown":[{"__symbolic":"method"}],"onChange":[{"__symbolic":"method"}],"open":[{"__symbolic":"method"}],"close":[{"__symbolic":"method"}],"focus":[{"__symbolic":"method"}],"isOpen":[{"__symbolic":"method"}]}}}},{"__symbolic":"module","version":1,"metadata":{"CompleterCmp":{"__symbolic":"class","decorators":[{"__symbolic":"call","expression":{"__symbolic":"reference","module":"@angular/core","name":"Component"},"arguments":[{"selector":"ng2-completer","template":"\n        <div class=\"completer-holder md-form\" ctrCompleter>\n            \n            <input #ctrInput [attr.id]=\"inputId.length > 0 ? inputId : null\" type=\"search\" class=\"completer-input form-control mdb-autocomplete\" ctrInput [ngClass]=\"inputClass\" \n                [(ngModel)]=\"searchStr\" (ngModelChange)=\"onChange($event)\" [attr.name]=\"inputName\" [placeholder]=\"placeholder\"\n                [attr.maxlength]=\"maxChars\" [tabindex]=\"fieldTabindex\" [disabled]=\"disableInput\" \n                [clearSelected]=\"clearSelected\" [clearUnselected]=\"clearUnselected\"\n                [overrideSuggested]=\"overrideSuggested\" [openOnFocus]=\"openOnFocus\" [fillHighlighted]=\"fillHighlighted\" \n                (blur)=\"onBlur()\" (focus)=\"onFocus()\" (keyup)=\"onKeyup($event)\" (keydown)=\"onKeydown($event)\"\n                autocomplete=\"off\" autocorrect=\"off\" autocapitalize=\"off\" />\n            <label [ngClass]=\"{'active': focused}\">{{ label }}</label>\n            <div class=\"completer-dropdown-holder\"\n                *ctrList=\"dataService;\n                    minSearchLength: minSearchLength;\n                    pause: pause;\n                    autoMatch: autoMatch;\n                    initialValue: initialValue;\n                    autoHighlight: autoHighlight;\n                    let items = results;\n                    let searchActive = searching;\n                    let isInitialized = searchInitialized;\n                    let isOpen = isOpen;\">\n                <div class=\"completer-dropdown\" ctrDropdown *ngIf=\"isInitialized && isOpen && ((items.length > 0 || displayNoResults) || (searchActive && displaySearching))\">\n                    <div *ngIf=\"searchActive && displaySearching\" class=\"completer-searching\">{{_textSearching}}</div>\n                    <div *ngIf=\"!searchActive && (!items || items.length === 0)\" class=\"completer-no-results\">{{_textNoResults}}</div>\n                    <div class=\"completer-row-wrapper\" *ngFor=\"let item of items; let rowIndex=index\">\n                        <div class=\"completer-row\" [ctrRow]=\"rowIndex\" [dataItem]=\"item\">\n                            <div *ngIf=\"item.image || item.image === ''\" class=\"completer-image-holder\">\n                                <img *ngIf=\"item.image != ''\" src=\"{{item.image}}\" class=\"completer-image\" />\n                                <div *ngIf=\"item.image === ''\" class=\"completer-image-default\"></div>\n                            </div>\n                            <div class=\"completer-item-text\" [ngClass]=\"{'completer-item-text-image': item.image || item.image === '' }\">\n                                <completer-list-item class=\"completer-title\" [text]=\"item.title\" [matchClass]=\"matchClass\" [searchStr]=\"searchStr\" [type]=\"'title'\"></completer-list-item>\n                                <completer-list-item *ngIf=\"item.description && item.description != ''\" class=\"completer-description\" [text]=\"item.description\"\n                                    [matchClass]=\"matchClass\" [searchStr]=\"searchStr\" [type]=\"'description'\">\n                                </completer-list-item>\n                            </div>\n                        </div>\n                    </div>\n                </div>\n            </div>\n        </div>\n    ","providers":[{"provide":{"__symbolic":"reference","module":"@angular/forms","name":"NG_VALUE_ACCESSOR"},"useExisting":{"__symbolic":"reference","name":"CompleterCmp"},"multi":true}]}]}],"members":{"dataService":[{"__symbolic":"property","decorators":[{"__symbolic":"call","expression":{"__symbolic":"reference","module":"@angular/core","name":"Input"}}]}],"inputName":[{"__symbolic":"property","decorators":[{"__symbolic":"call","expression":{"__symbolic":"reference","module":"@angular/core","name":"Input"}}]}],"inputId":[{"__symbolic":"property","decorators":[{"__symbolic":"call","expression":{"__symbolic":"reference","module":"@angular/core","name":"Input"}}]}],"pause":[{"__symbolic":"property","decorators":[{"__symbolic":"call","expression":{"__symbolic":"reference","module":"@angular/core","name":"Input"}}]}],"minSearchLength":[{"__symbolic":"property","decorators":[{"__symbolic":"call","expression":{"__symbolic":"reference","module":"@angular/core","name":"Input"}}]}],"maxChars":[{"__symbolic":"property","decorators":[{"__symbolic":"call","expression":{"__symbolic":"reference","module":"@angular/core","name":"Input"}}]}],"overrideSuggested":[{"__symbolic":"property","decorators":[{"__symbolic":"call","expression":{"__symbolic":"reference","module":"@angular/core","name":"Input"}}]}],"clearSelected":[{"__symbolic":"property","decorators":[{"__symbolic":"call","expression":{"__symbolic":"reference","module":"@angular/core","name":"Input"}}]}],"clearUnselected":[{"__symbolic":"property","decorators":[{"__symbolic":"call","expression":{"__symbolic":"reference","module":"@angular/core","name":"Input"}}]}],"fillHighlighted":[{"__symbolic":"property","decorators":[{"__symbolic":"call","expression":{"__symbolic":"reference","module":"@angular/core","name":"Input"}}]}],"placeholder":[{"__symbolic":"property","decorators":[{"__symbolic":"call","expression":{"__symbolic":"reference","module":"@angular/core","name":"Input"}}]}],"matchClass":[{"__symbolic":"property","decorators":[{"__symbolic":"call","expression":{"__symbolic":"reference","module":"@angular/core","name":"Input"}}]}],"fieldTabindex":[{"__symbolic":"property","decorators":[{"__symbolic":"call","expression":{"__symbolic":"reference","module":"@angular/core","name":"Input"}}]}],"autoMatch":[{"__symbolic":"property","decorators":[{"__symbolic":"call","expression":{"__symbolic":"reference","module":"@angular/core","name":"Input"}}]}],"disableInput":[{"__symbolic":"property","decorators":[{"__symbolic":"call","expression":{"__symbolic":"reference","module":"@angular/core","name":"Input"}}]}],"inputClass":[{"__symbolic":"property","decorators":[{"__symbolic":"call","expression":{"__symbolic":"reference","module":"@angular/core","name":"Input"}}]}],"autofocus":[{"__symbolic":"property","decorators":[{"__symbolic":"call","expression":{"__symbolic":"reference","module":"@angular/core","name":"Input"}}]}],"openOnFocus":[{"__symbolic":"property","decorators":[{"__symbolic":"call","expression":{"__symbolic":"reference","module":"@angular/core","name":"Input"}}]}],"initialValue":[{"__symbolic":"property","decorators":[{"__symbolic":"call","expression":{"__symbolic":"reference","module":"@angular/core","name":"Input"}}]}],"autoHighlight":[{"__symbolic":"property","decorators":[{"__symbolic":"call","expression":{"__symbolic":"reference","module":"@angular/core","name":"Input"}}]}],"label":[{"__symbolic":"property","decorators":[{"__symbolic":"call","expression":{"__symbolic":"reference","module":"@angular/core","name":"Input"}}]}],"selected":[{"__symbolic":"property","decorators":[{"__symbolic":"call","expression":{"__symbolic":"reference","module":"@angular/core","name":"Output"}}]}],"highlighted":[{"__symbolic":"property","decorators":[{"__symbolic":"call","expression":{"__symbolic":"reference","module":"@angular/core","name":"Output"}}]}],"blur":[{"__symbolic":"property","decorators":[{"__symbolic":"call","expression":{"__symbolic":"reference","module":"@angular/core","name":"Output"}}]}],"focusEvent":[{"__symbolic":"property","decorators":[{"__symbolic":"call","expression":{"__symbolic":"reference","module":"@angular/core","name":"Output"},"arguments":["focus"]}]}],"opened":[{"__symbolic":"property","decorators":[{"__symbolic":"call","expression":{"__symbolic":"reference","module":"@angular/core","name":"Output"}}]}],"keyup":[{"__symbolic":"property","decorators":[{"__symbolic":"call","expression":{"__symbolic":"reference","module":"@angular/core","name":"Output"}}]}],"keydown":[{"__symbolic":"property","decorators":[{"__symbolic":"call","expression":{"__symbolic":"reference","module":"@angular/core","name":"Output"}}]}],"completer":[{"__symbolic":"property","decorators":[{"__symbolic":"call","expression":{"__symbolic":"reference","module":"@angular/core","name":"ViewChild"},"arguments":[{"__symbolic":"reference","module":"../directives/completerDirective","name":"CtrCompleter"}]}]}],"ctrInput":[{"__symbolic":"property","decorators":[{"__symbolic":"call","expression":{"__symbolic":"reference","module":"@angular/core","name":"ViewChild"},"arguments":["ctrInput"]}]}],"__ctor__":[{"__symbolic":"constructor","parameters":[{"__symbolic":"reference","module":"../services/completerService","name":"CompleterService"}]}],"ngAfterViewInit":[{"__symbolic":"method"}],"ngAfterViewChecked":[{"__symbolic":"method"}],"onTouched":[{"__symbolic":"method"}],"writeValue":[{"__symbolic":"method"}],"registerOnChange":[{"__symbolic":"method"}],"registerOnTouched":[{"__symbolic":"method"}],"datasource":[{"__symbolic":"property","decorators":[{"__symbolic":"call","expression":{"__symbolic":"reference","module":"@angular/core","name":"Input"}}]}],"textNoResults":[{"__symbolic":"property","decorators":[{"__symbolic":"call","expression":{"__symbolic":"reference","module":"@angular/core","name":"Input"}}]}],"textSearching":[{"__symbolic":"property","decorators":[{"__symbolic":"call","expression":{"__symbolic":"reference","module":"@angular/core","name":"Input"}}]}],"ngOnInit":[{"__symbolic":"method"}],"onBlur":[{"__symbolic":"method"}],"onFocus":[{"__symbolic":"method"}],"onKeyup":[{"__symbolic":"method"}],"onKeydown":[{"__symbolic":"method"}],"onChange":[{"__symbolic":"method"}],"open":[{"__symbolic":"method"}],"close":[{"__symbolic":"method"}],"focus":[{"__symbolic":"method"}],"isOpen":[{"__symbolic":"method"}]}}}}]