[{"__symbolic":"module","version":3,"metadata":{"MatchPart":{"__symbolic":"interface"},"CompleterListItemCmp":{"__symbolic":"class","decorators":[{"__symbolic":"call","expression":{"__symbolic":"reference","module":"@angular/core","name":"Component"},"arguments":[{"selector":"completer-list-item","template":"\n    <span class=\"completer-list-item-holder\" [ngClass]=\"{'completer-title': type === 'title', 'completer-description': type === 'description'}\" >\n        <span class=\"completer-list-item\" *ngFor=\"let part of parts\" [ngClass]=\"part.isMatch ? matchClass : null\">{{part.text}}</span>\n    </span>\n    "}]}],"members":{"text":[{"__symbolic":"property","decorators":[{"__symbolic":"call","expression":{"__symbolic":"reference","module":"@angular/core","name":"Input"}}]}],"searchStr":[{"__symbolic":"property","decorators":[{"__symbolic":"call","expression":{"__symbolic":"reference","module":"@angular/core","name":"Input"}}]}],"matchClass":[{"__symbolic":"property","decorators":[{"__symbolic":"call","expression":{"__symbolic":"reference","module":"@angular/core","name":"Input"}}]}],"type":[{"__symbolic":"property","decorators":[{"__symbolic":"call","expression":{"__symbolic":"reference","module":"@angular/core","name":"Input"}}]}],"ngOnInit":[{"__symbolic":"method"}]}}}},{"__symbolic":"module","version":1,"metadata":{"MatchPart":{"__symbolic":"interface"},"CompleterListItemCmp":{"__symbolic":"class","decorators":[{"__symbolic":"call","expression":{"__symbolic":"reference","module":"@angular/core","name":"Component"},"arguments":[{"selector":"completer-list-item","template":"\n    <span class=\"completer-list-item-holder\" [ngClass]=\"{'completer-title': type === 'title', 'completer-description': type === 'description'}\" >\n        <span class=\"completer-list-item\" *ngFor=\"let part of parts\" [ngClass]=\"part.isMatch ? matchClass : null\">{{part.text}}</span>\n    </span>\n    "}]}],"members":{"text":[{"__symbolic":"property","decorators":[{"__symbolic":"call","expression":{"__symbolic":"reference","module":"@angular/core","name":"Input"}}]}],"searchStr":[{"__symbolic":"property","decorators":[{"__symbolic":"call","expression":{"__symbolic":"reference","module":"@angular/core","name":"Input"}}]}],"matchClass":[{"__symbolic":"property","decorators":[{"__symbolic":"call","expression":{"__symbolic":"reference","module":"@angular/core","name":"Input"}}]}],"type":[{"__symbolic":"property","decorators":[{"__symbolic":"call","expression":{"__symbolic":"reference","module":"@angular/core","name":"Input"}}]}],"ngOnInit":[{"__symbolic":"method"}]}}}}]