[{"__symbolic":"module","version":3,"metadata":{"Ng2CompleterModule":{"__symbolic":"class","decorators":[{"__symbolic":"call","expression":{"__symbolic":"reference","module":"@angular/core","name":"NgModule"},"arguments":[{"imports":[{"__symbolic":"reference","module":"@angular/common","name":"CommonModule"},{"__symbolic":"reference","module":"@angular/forms","name":"FormsModule"},{"__symbolic":"reference","module":"@angular/http","name":"HttpModule"}],"declarations":[{"__symbolic":"reference","module":"./components/completerListitemComponent","name":"CompleterListItemCmp"},{"__symbolic":"reference","module":"./directives/completerDirective","name":"CtrCompleter"},{"__symbolic":"reference","module":"./directives/dropdownDirective","name":"CtrDropdown"},{"__symbolic":"reference","module":"./directives/inputDirective","name":"CtrInput"},{"__symbolic":"reference","module":"./directives/listcontextDirective","name":"CtrList"},{"__symbolic":"reference","module":"./directives/rowDirective","name":"CtrRow"},{"__symbolic":"reference","module":"./components/completerComponent","name":"CompleterCmp"}],"exports":[{"__symbolic":"reference","module":"./components/completerComponent","name":"CompleterCmp"},{"__symbolic":"reference","module":"./components/completerListitemComponent","name":"CompleterListItemCmp"},{"__symbolic":"reference","module":"./directives/completerDirective","name":"CtrCompleter"},{"__symbolic":"reference","module":"./directives/dropdownDirective","name":"CtrDropdown"},{"__symbolic":"reference","module":"./directives/inputDirective","name":"CtrInput"},{"__symbolic":"reference","module":"./directives/listcontextDirective","name":"CtrList"},{"__symbolic":"reference","module":"./directives/rowDirective","name":"CtrRow"}],"providers":[{"__symbolic":"reference","module":"./services/completerService","name":"CompleterService"},{"__symbolic":"reference","module":"./services/dataFactoryService","name":"LocalDataFactoryProvider"},{"__symbolic":"reference","module":"./services/dataFactoryService","name":"RemoteDataFactoryProvider"}]}]}]}}},{"__symbolic":"module","version":1,"metadata":{"Ng2CompleterModule":{"__symbolic":"class","decorators":[{"__symbolic":"call","expression":{"__symbolic":"reference","module":"@angular/core","name":"NgModule"},"arguments":[{"imports":[{"__symbolic":"reference","module":"@angular/common","name":"CommonModule"},{"__symbolic":"reference","module":"@angular/forms","name":"FormsModule"},{"__symbolic":"reference","module":"@angular/http","name":"HttpModule"}],"declarations":[{"__symbolic":"reference","module":"./components/completerListitemComponent","name":"CompleterListItemCmp"},{"__symbolic":"reference","module":"./directives/completerDirective","name":"CtrCompleter"},{"__symbolic":"reference","module":"./directives/dropdownDirective","name":"CtrDropdown"},{"__symbolic":"reference","module":"./directives/inputDirective","name":"CtrInput"},{"__symbolic":"reference","module":"./directives/listcontextDirective","name":"CtrList"},{"__symbolic":"reference","module":"./directives/rowDirective","name":"CtrRow"},{"__symbolic":"reference","module":"./components/completerComponent","name":"CompleterCmp"}],"exports":[{"__symbolic":"reference","module":"./components/completerComponent","name":"CompleterCmp"},{"__symbolic":"reference","module":"./components/completerListitemComponent","name":"CompleterListItemCmp"},{"__symbolic":"reference","module":"./directives/completerDirective","name":"CtrCompleter"},{"__symbolic":"reference","module":"./directives/dropdownDirective","name":"CtrDropdown"},{"__symbolic":"reference","module":"./directives/inputDirective","name":"CtrInput"},{"__symbolic":"reference","module":"./directives/listcontextDirective","name":"CtrList"},{"__symbolic":"reference","module":"./directives/rowDirective","name":"CtrRow"}],"providers":[{"__symbolic":"reference","module":"./services/completerService","name":"CompleterService"},{"__symbolic":"reference","module":"./services/dataFactoryService","name":"LocalDataFactoryProvider"},{"__symbolic":"reference","module":"./services/dataFactoryService","name":"RemoteDataFactoryProvider"}]}]}]}}}]