[{"__symbolic":"module","version":3,"metadata":{"MAX_CHARS":524288,"MIN_SEARCH_LENGTH":3,"PAUSE":100,"TEXT_SEARCHING":"Searching...","TEXT_NO_RESULTS":"No results found","CLEAR_TIMEOUT":50,"isNil":{"__symbolic":"function","parameters":["value"],"value":{"__symbolic":"binop","operator":"||","left":{"__symbolic":"binop","operator":"===","left":{"__symbolic":"error","message":"Expression form not supported","line":8,"character":11},"right":"undefined"},"right":{"__symbolic":"binop","operator":"===","left":{"__symbolic":"reference","name":"value"},"right":null}}}}},{"__symbolic":"module","version":1,"metadata":{"MAX_CHARS":524288,"MIN_SEARCH_LENGTH":3,"PAUSE":100,"TEXT_SEARCHING":"Searching...","TEXT_NO_RESULTS":"No results found","CLEAR_TIMEOUT":50,"isNil":{"__symbolic":"function","parameters":["value"],"value":{"__symbolic":"binop","operator":"||","left":{"__symbolic":"binop","operator":"===","left":{"__symbolic":"error","message":"Expression form not supported","line":8,"character":11},"right":"undefined"},"right":{"__symbolic":"binop","operator":"===","left":{"__symbolic":"reference","name":"value"},"right":null}}}}}]