[{"__symbolic":"module","version":3,"metadata":{},"exports":[{"from":"./completerModule","export":["Ng2CompleterModule"]},{"from":"./components/completerComponent","export":["CompleterCmp"]},{"from":"./components/completerListitemComponent","export":["CompleterListItemCmp"]},{"from":"./services/completerService","export":["CompleterService"]},{"from":"./services/completerDataService","export":["CompleterData"]},{"from":"./services/dataFactoryService","export":["localDataFactory","LocalDataFactoryProvider","remoteDataFactory","RemoteDataFactoryProvider"]},{"from":"./components/completerItemComponent","export":["CompleterItem"]},{"from":"./services/localDataService","export":["LocalData"]},{"from":"./services/remoteDataService","export":["RemoteData"]},{"from":"./services/baseDataService","export":["CompleterBaseData"]},{"from":"./directives/completerDirective","export":["CtrCompleter"]},{"from":"./directives/dropdownDirective","export":["CtrDropdown"]},{"from":"./directives/inputDirective","export":["CtrInput"]},{"from":"./directives/listcontextDirective","export":["CtrList"]},{"from":"./directives/rowDirective","export":["CtrRow"]}]},{"__symbolic":"module","version":1,"metadata":{},"exports":[{"from":"./completerModule","export":["Ng2CompleterModule"]},{"from":"./components/completerComponent","export":["CompleterCmp"]},{"from":"./components/completerListitemComponent","export":["CompleterListItemCmp"]},{"from":"./services/completerService","export":["CompleterService"]},{"from":"./services/completerDataService","export":["CompleterData"]},{"from":"./services/dataFactoryService","export":["localDataFactory","LocalDataFactoryProvider","remoteDataFactory","RemoteDataFactoryProvider"]},{"from":"./components/completerItemComponent","export":["CompleterItem"]},{"from":"./services/localDataService","export":["LocalData"]},{"from":"./services/remoteDataService","export":["RemoteData"]},{"from":"./services/baseDataService","export":["CompleterBaseData"]},{"from":"./directives/completerDirective","export":["CtrCompleter"]},{"from":"./directives/dropdownDirective","export":["CtrDropdown"]},{"from":"./directives/inputDirective","export":["CtrInput"]},{"from":"./directives/listcontextDirective","export":["CtrList"]},{"from":"./directives/rowDirective","export":["CtrRow"]}]}]