[{"__symbolic":"module","version":3,"metadata":{"chartSimpleModule":{"__symbolic":"class","decorators":[{"__symbolic":"call","expression":{"__symbolic":"reference","module":"@angular/core","name":"NgModule"},"arguments":[{"declarations":[{"__symbolic":"reference","module":"./chartSimpleComponent","name":"SimpleChartComponent"},{"__symbolic":"reference","module":"./chartSmallpieComponent","name":"EasyPieChartComponent"}],"exports":[{"__symbolic":"reference","module":"./chartSimpleComponent","name":"SimpleChartComponent"},{"__symbolic":"reference","module":"./chartSmallpieComponent","name":"EasyPieChartComponent"}],"imports":[]}]}]}}},{"__symbolic":"module","version":1,"metadata":{"chartSimpleModule":{"__symbolic":"class","decorators":[{"__symbolic":"call","expression":{"__symbolic":"reference","module":"@angular/core","name":"NgModule"},"arguments":[{"declarations":[{"__symbolic":"reference","module":"./chartSimpleComponent","name":"SimpleChartComponent"},{"__symbolic":"reference","module":"./chartSmallpieComponent","name":"EasyPieChartComponent"}],"exports":[{"__symbolic":"reference","module":"./chartSimpleComponent","name":"SimpleChartComponent"},{"__symbolic":"reference","module":"./chartSmallpieComponent","name":"EasyPieChartComponent"}],"imports":[]}]}]}}}]