[{"__symbolic":"module","version":3,"metadata":{"SimpleChartComponent":{"__symbolic":"class","decorators":[{"__symbolic":"call","expression":{"__symbolic":"reference","module":"@angular/core","name":"Component"},"arguments":[{"selector":"simple-chart","template":"\n    <span class=\"min-chart\">\n      <span class=\"percent\">{{ percent }}</span>\n      <easy-pie-chart [percent]=\"percent\" [options]=\"options\"></easy-pie-chart>\n    </span>\n  ","styles":[]}]}],"members":{"percent":[{"__symbolic":"property","decorators":[{"__symbolic":"call","expression":{"__symbolic":"reference","module":"@angular/core","name":"Input"},"arguments":["percent"]}]}],"barColor":[{"__symbolic":"property","decorators":[{"__symbolic":"call","expression":{"__symbolic":"reference","module":"@angular/core","name":"Input"},"arguments":["barColor"]}]}],"__ctor__":[{"__symbolic":"constructor"}],"ngOnInit":[{"__symbolic":"method"}]}}}},{"__symbolic":"module","version":1,"metadata":{"SimpleChartComponent":{"__symbolic":"class","decorators":[{"__symbolic":"call","expression":{"__symbolic":"reference","module":"@angular/core","name":"Component"},"arguments":[{"selector":"simple-chart","template":"\n    <span class=\"min-chart\">\n      <span class=\"percent\">{{ percent }}</span>\n      <easy-pie-chart [percent]=\"percent\" [options]=\"options\"></easy-pie-chart>\n    </span>\n  ","styles":[]}]}],"members":{"percent":[{"__symbolic":"property","decorators":[{"__symbolic":"call","expression":{"__symbolic":"reference","module":"@angular/core","name":"Input"},"arguments":["percent"]}]}],"barColor":[{"__symbolic":"property","decorators":[{"__symbolic":"call","expression":{"__symbolic":"reference","module":"@angular/core","name":"Input"},"arguments":["barColor"]}]}],"__ctor__":[{"__symbolic":"constructor"}],"ngOnInit":[{"__symbolic":"method"}]}}}}]