[{"__symbolic":"module","version":3,"metadata":{"SidenavModule":{"__symbolic":"class","decorators":[{"__symbolic":"call","expression":{"__symbolic":"reference","module":"@angular/core","name":"NgModule"},"arguments":[{"declarations":[{"__symbolic":"reference","module":"./sidenavComponent","name":"SidenavComponent"}],"exports":[{"__symbolic":"reference","module":"./sidenavComponent","name":"SidenavComponent"}],"imports":[{"__symbolic":"reference","module":"@angular/common","name":"CommonModule"}]}]}]}}},{"__symbolic":"module","version":1,"metadata":{"SidenavModule":{"__symbolic":"class","decorators":[{"__symbolic":"call","expression":{"__symbolic":"reference","module":"@angular/core","name":"NgModule"},"arguments":[{"declarations":[{"__symbolic":"reference","module":"./sidenavComponent","name":"SidenavComponent"}],"exports":[{"__symbolic":"reference","module":"./sidenavComponent","name":"SidenavComponent"}],"imports":[{"__symbolic":"reference","module":"@angular/common","name":"CommonModule"}]}]}]}}}]