[{"__symbolic":"module","version":3,"metadata":{"SidenavComponent":{"__symbolic":"class","decorators":[{"__symbolic":"call","expression":{"__symbolic":"reference","module":"@angular/core","name":"Component"},"arguments":[{"selector":"sidenav","template":"\n        <ul id=\"slide-out\" class=\"side-nav fixed sn-bg-1 custom-scrollbar {{ sidenavClass }}\" [@slideIn]=\"slideInState\" >\n           <ng-content></ng-content>\n        </ul>\n\n        <div (click)=\"backdrop()\" *ngIf=\"isActive\" class=\"modal-backdrop\"></div>\n\n    ","animations":[{"__symbolic":"reference","module":"../../pro/animations/animations","name":"slideIn"}]}]}],"members":{"sidenavClass":[{"__symbolic":"property","decorators":[{"__symbolic":"call","expression":{"__symbolic":"reference","module":"@angular/core","name":"Input"},"arguments":["sidenavClass"]}]}],"collapse":[{"__symbolic":"method"}],"backdrop":[{"__symbolic":"method"}]}}}},{"__symbolic":"module","version":1,"metadata":{"SidenavComponent":{"__symbolic":"class","decorators":[{"__symbolic":"call","expression":{"__symbolic":"reference","module":"@angular/core","name":"Component"},"arguments":[{"selector":"sidenav","template":"\n        <ul id=\"slide-out\" class=\"side-nav fixed sn-bg-1 custom-scrollbar {{ sidenavClass }}\" [@slideIn]=\"slideInState\" >\n           <ng-content></ng-content>\n        </ul>\n\n        <div (click)=\"backdrop()\" *ngIf=\"isActive\" class=\"modal-backdrop\"></div>\n\n    ","animations":[{"__symbolic":"reference","module":"../../pro/animations/animations","name":"slideIn"}]}]}],"members":{"sidenavClass":[{"__symbolic":"property","decorators":[{"__symbolic":"call","expression":{"__symbolic":"reference","module":"@angular/core","name":"Input"},"arguments":["sidenavClass"]}]}],"collapse":[{"__symbolic":"method"}],"backdrop":[{"__symbolic":"method"}]}}}}]