[{"__symbolic":"module","version":3,"metadata":{"LocaleService":{"__symbolic":"class","decorators":[{"__symbolic":"call","expression":{"__symbolic":"reference","module":"@angular/core","name":"Injectable"}}],"members":{"getLocaleOptions":[{"__symbolic":"method"}]}}}},{"__symbolic":"module","version":1,"metadata":{"LocaleService":{"__symbolic":"class","decorators":[{"__symbolic":"call","expression":{"__symbolic":"reference","module":"@angular/core","name":"Injectable"}}],"members":{"getLocaleOptions":[{"__symbolic":"method"}]}}}}]