[{"__symbolic":"module","version":3,"metadata":{"UtilService":{"__symbolic":"class","decorators":[{"__symbolic":"call","expression":{"__symbolic":"reference","module":"@angular/core","name":"Injectable"}}],"members":{"isDateValid":[{"__symbolic":"method"}],"getDateFormatSeparator":[{"__symbolic":"method"}],"isMonthLabelValid":[{"__symbolic":"method"}],"isYearLabelValid":[{"__symbolic":"method"}],"parseDatePartNumber":[{"__symbolic":"method"}],"parseDatePartMonthName":[{"__symbolic":"method"}],"getDatePartIndex":[{"__symbolic":"method"}],"parseDefaultMonth":[{"__symbolic":"method"}],"isDisabledDay":[{"__symbolic":"method"}],"isMarkedDate":[{"__symbolic":"method"}],"getWeekNumber":[{"__symbolic":"method"}],"isMonthDisabledByDisableUntil":[{"__symbolic":"method"}],"isMonthDisabledByDisableSince":[{"__symbolic":"method"}],"isInitializedDate":[{"__symbolic":"method"}],"getTimeInMilliseconds":[{"__symbolic":"method"}],"getDayNumber":[{"__symbolic":"method"}]}}}},{"__symbolic":"module","version":1,"metadata":{"UtilService":{"__symbolic":"class","decorators":[{"__symbolic":"call","expression":{"__symbolic":"reference","module":"@angular/core","name":"Injectable"}}],"members":{"isDateValid":[{"__symbolic":"method"}],"getDateFormatSeparator":[{"__symbolic":"method"}],"isMonthLabelValid":[{"__symbolic":"method"}],"isYearLabelValid":[{"__symbolic":"method"}],"parseDatePartNumber":[{"__symbolic":"method"}],"parseDatePartMonthName":[{"__symbolic":"method"}],"getDatePartIndex":[{"__symbolic":"method"}],"parseDefaultMonth":[{"__symbolic":"method"}],"isDisabledDay":[{"__symbolic":"method"}],"isMarkedDate":[{"__symbolic":"method"}],"getWeekNumber":[{"__symbolic":"method"}],"isMonthDisabledByDisableUntil":[{"__symbolic":"method"}],"isMonthDisabledByDisableSince":[{"__symbolic":"method"}],"isInitializedDate":[{"__symbolic":"method"}],"getTimeInMilliseconds":[{"__symbolic":"method"}],"getDayNumber":[{"__symbolic":"method"}]}}}}]