[{"__symbolic":"module","version":3,"metadata":{"MdProgressBarModule":{"__symbolic":"class","decorators":[{"__symbolic":"call","expression":{"__symbolic":"reference","module":"@angular/core","name":"NgModule"},"arguments":[{"imports":[{"__symbolic":"reference","module":"@angular/common","name":"CommonModule"},{"__symbolic":"reference","module":"../core/compatibility/compatibility","name":"CompatibilityModule"}],"exports":[{"__symbolic":"reference","module":"./progress-bar","name":"MdProgressBar"},{"__symbolic":"reference","module":"../core/compatibility/compatibility","name":"CompatibilityModule"}],"declarations":[{"__symbolic":"reference","module":"./progress-bar","name":"MdProgressBar"}]}]}],"statics":{"forRoot":{"__symbolic":"function","parameters":[],"value":{"ngModule":{"__symbolic":"reference","name":"MdProgressBarModule"},"providers":[]}}}}},"exports":[{"from":"./progress-bar"}]},{"__symbolic":"module","version":1,"metadata":{"MdProgressBarModule":{"__symbolic":"class","decorators":[{"__symbolic":"call","expression":{"__symbolic":"reference","module":"@angular/core","name":"NgModule"},"arguments":[{"imports":[{"__symbolic":"reference","module":"@angular/common","name":"CommonModule"},{"__symbolic":"reference","module":"../core/compatibility/compatibility","name":"CompatibilityModule"}],"exports":[{"__symbolic":"reference","module":"./progress-bar","name":"MdProgressBar"},{"__symbolic":"reference","module":"../core/compatibility/compatibility","name":"CompatibilityModule"}],"declarations":[{"__symbolic":"reference","module":"./progress-bar","name":"MdProgressBar"}]}]}],"statics":{"forRoot":{"__symbolic":"function","parameters":[],"value":{"ngModule":{"__symbolic":"reference","name":"MdProgressBarModule"},"providers":[]}}}}},"exports":[{"from":"./progress-bar"}]}]