[{"__symbolic":"module","version":3,"metadata":{"SBItem":{"__symbolic":"class","decorators":[{"__symbolic":"call","expression":{"__symbolic":"reference","module":"@angular/core","name":"Component"},"arguments":[{"exportAs":"sbItem","selector":"sb-item","template":"\n        <div class=\"card\" [ngClass]=\"{'is-collapsed': collapsed, 'active': !collapsed}\">\n            <ng-content></ng-content>\n        </div>\n    "}]}],"members":{"collapsed":[{"__symbolic":"property","decorators":[{"__symbolic":"call","expression":{"__symbolic":"reference","module":"@angular/core","name":"Input"}}]}],"body":[{"__symbolic":"property","decorators":[{"__symbolic":"call","expression":{"__symbolic":"reference","module":"@angular/core","name":"ContentChild"},"arguments":[{"__symbolic":"reference","module":"./sb-item-body","name":"SBItemBody"}]}]}],"__ctor__":[{"__symbolic":"constructor","parameterDecorators":[[{"__symbolic":"call","expression":{"__symbolic":"reference","module":"@angular/core","name":"Inject"},"arguments":[{"__symbolic":"reference","module":"./squeezebox","name":"SqueezeBox"}]}]],"parameters":[{"__symbolic":"reference","module":"./squeezebox","name":"SqueezeBox"}]}],"ngAfterViewInit":[{"__symbolic":"method"}],"toggle":[{"__symbolic":"method"}],"applyToggle":[{"__symbolic":"method"}]}}}},{"__symbolic":"module","version":1,"metadata":{"SBItem":{"__symbolic":"class","decorators":[{"__symbolic":"call","expression":{"__symbolic":"reference","module":"@angular/core","name":"Component"},"arguments":[{"exportAs":"sbItem","selector":"sb-item","template":"\n        <div class=\"card\" [ngClass]=\"{'is-collapsed': collapsed, 'active': !collapsed}\">\n            <ng-content></ng-content>\n        </div>\n    "}]}],"members":{"collapsed":[{"__symbolic":"property","decorators":[{"__symbolic":"call","expression":{"__symbolic":"reference","module":"@angular/core","name":"Input"}}]}],"body":[{"__symbolic":"property","decorators":[{"__symbolic":"call","expression":{"__symbolic":"reference","module":"@angular/core","name":"ContentChild"},"arguments":[{"__symbolic":"reference","module":"./sb-item-body","name":"SBItemBody"}]}]}],"__ctor__":[{"__symbolic":"constructor","parameterDecorators":[[{"__symbolic":"call","expression":{"__symbolic":"reference","module":"@angular/core","name":"Inject"},"arguments":[{"__symbolic":"reference","module":"./squeezebox","name":"SqueezeBox"}]}]],"parameters":[{"__symbolic":"reference","module":"./squeezebox","name":"SqueezeBox"}]}],"ngAfterViewInit":[{"__symbolic":"method"}],"toggle":[{"__symbolic":"method"}],"applyToggle":[{"__symbolic":"method"}]}}}}]