[{"__symbolic":"module","version":3,"metadata":{"SBItemBody":{"__symbolic":"class","decorators":[{"__symbolic":"call","expression":{"__symbolic":"reference","module":"@angular/core","name":"Component"},"arguments":[{"exportAs":"sbItemBody","selector":"sb-item-body","template":"\n        <div #body class=\"sb-item-body\" [style.height]=\"height\">\n            <div class=\"card-block\"><ng-content></ng-content></div>\n        </div>\n    "}]}],"members":{"bodyEl":[{"__symbolic":"property","decorators":[{"__symbolic":"call","expression":{"__symbolic":"reference","module":"@angular/core","name":"ViewChild"},"arguments":["body"]}]}],"__ctor__":[{"__symbolic":"constructor","parameters":[{"__symbolic":"reference","module":"@angular/core","name":"Renderer"}]}],"toggle":[{"__symbolic":"method"}]}}}},{"__symbolic":"module","version":1,"metadata":{"SBItemBody":{"__symbolic":"class","decorators":[{"__symbolic":"call","expression":{"__symbolic":"reference","module":"@angular/core","name":"Component"},"arguments":[{"exportAs":"sbItemBody","selector":"sb-item-body","template":"\n        <div #body class=\"sb-item-body\" [style.height]=\"height\">\n            <div class=\"card-block\"><ng-content></ng-content></div>\n        </div>\n    "}]}],"members":{"bodyEl":[{"__symbolic":"property","decorators":[{"__symbolic":"call","expression":{"__symbolic":"reference","module":"@angular/core","name":"ViewChild"},"arguments":["body"]}]}],"__ctor__":[{"__symbolic":"constructor","parameters":[{"__symbolic":"reference","module":"@angular/core","name":"Renderer"}]}],"toggle":[{"__symbolic":"method"}]}}}}]