[{"__symbolic":"module","version":3,"metadata":{"SBItemHead":{"__symbolic":"class","decorators":[{"__symbolic":"call","expression":{"__symbolic":"reference","module":"@angular/core","name":"Component"},"arguments":[{"exportAs":"sbItemHead","selector":"sb-item-head","template":"\n        <div class=\"card-header\">\n            <a role=\"button\" (click)=\"toggleClick($event)\">\n                <h5 class=\"mb-0\">\n                    <ng-content></ng-content>\n                    <i class=\"fa fa-angle-down rotate-icon\"></i>\n                </h5>\n            </a>\n        </div>\n    "}]}],"members":{"__ctor__":[{"__symbolic":"constructor","parameters":[{"__symbolic":"reference","module":"./sb-item","name":"SBItem"}]}],"toggleClick":[{"__symbolic":"method"}]}}}},{"__symbolic":"module","version":1,"metadata":{"SBItemHead":{"__symbolic":"class","decorators":[{"__symbolic":"call","expression":{"__symbolic":"reference","module":"@angular/core","name":"Component"},"arguments":[{"exportAs":"sbItemHead","selector":"sb-item-head","template":"\n        <div class=\"card-header\">\n            <a role=\"button\" (click)=\"toggleClick($event)\">\n                <h5 class=\"mb-0\">\n                    <ng-content></ng-content>\n                    <i class=\"fa fa-angle-down rotate-icon\"></i>\n                </h5>\n            </a>\n        </div>\n    "}]}],"members":{"__ctor__":[{"__symbolic":"constructor","parameters":[{"__symbolic":"reference","module":"./sb-item","name":"SBItem"}]}],"toggleClick":[{"__symbolic":"method"}]}}}}]