[{"__symbolic":"module","version":3,"metadata":{"SqueezeBox":{"__symbolic":"class","decorators":[{"__symbolic":"call","expression":{"__symbolic":"reference","module":"@angular/core","name":"Component"},"arguments":[{"exportAs":"squeezebox","selector":"squeezebox","template":"\n        <div class=\"accordion\">\n            <ng-content></ng-content>\n        </div>\n    "}]}],"members":{"multiple":[{"__symbolic":"property","decorators":[{"__symbolic":"call","expression":{"__symbolic":"reference","module":"@angular/core","name":"Input"}}]}],"items":[{"__symbolic":"property","decorators":[{"__symbolic":"call","expression":{"__symbolic":"reference","module":"@angular/core","name":"ContentChildren"},"arguments":[{"__symbolic":"reference","module":"./sb-item","name":"SBItem"}]}]}],"__ctor__":[{"__symbolic":"constructor"}],"didItemToggled":[{"__symbolic":"method"}]}}}},{"__symbolic":"module","version":1,"metadata":{"SqueezeBox":{"__symbolic":"class","decorators":[{"__symbolic":"call","expression":{"__symbolic":"reference","module":"@angular/core","name":"Component"},"arguments":[{"exportAs":"squeezebox","selector":"squeezebox","template":"\n        <div class=\"accordion\">\n            <ng-content></ng-content>\n        </div>\n    "}]}],"members":{"multiple":[{"__symbolic":"property","decorators":[{"__symbolic":"call","expression":{"__symbolic":"reference","module":"@angular/core","name":"Input"}}]}],"items":[{"__symbolic":"property","decorators":[{"__symbolic":"call","expression":{"__symbolic":"reference","module":"@angular/core","name":"ContentChildren"},"arguments":[{"__symbolic":"reference","module":"./sb-item","name":"SBItem"}]}]}],"__ctor__":[{"__symbolic":"constructor"}],"didItemToggled":[{"__symbolic":"method"}]}}}}]