[{"__symbolic":"module","version":3,"metadata":{"slideIn":{"__symbolic":"call","expression":{"__symbolic":"reference","module":"@angular/core","name":"trigger"},"arguments":["slideIn",[{"__symbolic":"call","expression":{"__symbolic":"reference","module":"@angular/core","name":"state"},"arguments":["inactive",{"__symbolic":"call","expression":{"__symbolic":"reference","module":"@angular/core","name":"style"},"arguments":[{"opacity":0,"transform":"translateX(-300%)"}]}]},{"__symbolic":"call","expression":{"__symbolic":"reference","module":"@angular/core","name":"state"},"arguments":["active",{"__symbolic":"call","expression":{"__symbolic":"reference","module":"@angular/core","name":"style"},"arguments":[{"opacity":1,"transform":"translateX(0)"}]}]},{"__symbolic":"call","expression":{"__symbolic":"reference","module":"@angular/core","name":"transition"},"arguments":["inactive => active",{"__symbolic":"call","expression":{"__symbolic":"reference","module":"@angular/core","name":"animate"},"arguments":["500ms ease"]}]},{"__symbolic":"call","expression":{"__symbolic":"reference","module":"@angular/core","name":"transition"},"arguments":["active => inactive",{"__symbolic":"call","expression":{"__symbolic":"reference","module":"@angular/core","name":"animate"},"arguments":["500ms ease"]}]}]]},"slideOut":{"__symbolic":"call","expression":{"__symbolic":"reference","module":"@angular/core","name":"trigger"},"arguments":["slideOut",[{"__symbolic":"call","expression":{"__symbolic":"reference","module":"@angular/core","name":"state"},"arguments":["inactive",{"__symbolic":"call","expression":{"__symbolic":"reference","module":"@angular/core","name":"style"},"arguments":[{"opacity":0,"transform":"translateX(-300%)"}]}]},{"__symbolic":"call","expression":{"__symbolic":"reference","module":"@angular/core","name":"state"},"arguments":["active",{"__symbolic":"call","expression":{"__symbolic":"reference","module":"@angular/core","name":"style"},"arguments":[{"opacity":1,"transform":"translateX(0)"}]}]},{"__symbolic":"call","expression":{"__symbolic":"reference","module":"@angular/core","name":"transition"},"arguments":["inactive => active",{"__symbolic":"call","expression":{"__symbolic":"reference","module":"@angular/core","name":"animate"},"arguments":["500ms ease"]}]},{"__symbolic":"call","expression":{"__symbolic":"reference","module":"@angular/core","name":"transition"},"arguments":["active => inactive",{"__symbolic":"call","expression":{"__symbolic":"reference","module":"@angular/core","name":"animate"},"arguments":["500ms ease"]}]}]]},"flipState":{"__symbolic":"call","expression":{"__symbolic":"reference","module":"@angular/core","name":"trigger"},"arguments":["flipState",[{"__symbolic":"call","expression":{"__symbolic":"reference","module":"@angular/core","name":"state"},"arguments":["active",{"__symbolic":"call","expression":{"__symbolic":"reference","module":"@angular/core","name":"style"},"arguments":[{"transform":"rotateY(179.9deg)"}]}]},{"__symbolic":"call","expression":{"__symbolic":"reference","module":"@angular/core","name":"state"},"arguments":["inactive",{"__symbolic":"call","expression":{"__symbolic":"reference","module":"@angular/core","name":"style"},"arguments":[{"transform":"rotateY(0)"}]}]}]]},"turnState":{"__symbolic":"call","expression":{"__symbolic":"reference","module":"@angular/core","name":"trigger"},"arguments":["turnState",[{"__symbolic":"call","expression":{"__symbolic":"reference","module":"@angular/core","name":"state"},"arguments":["active",{"__symbolic":"call","expression":{"__symbolic":"reference","module":"@angular/core","name":"style"},"arguments":[{"transform":"rotateY(179.9deg)"}]}]},{"__symbolic":"call","expression":{"__symbolic":"reference","module":"@angular/core","name":"state"},"arguments":["inactive",{"__symbolic":"call","expression":{"__symbolic":"reference","module":"@angular/core","name":"style"},"arguments":[{"transform":"rotateY(0)"}]}]}]]},"iconsState":{"__symbolic":"call","expression":{"__symbolic":"reference","module":"@angular/core","name":"trigger"},"arguments":["iconsState",[{"__symbolic":"call","expression":{"__symbolic":"reference","module":"@angular/core","name":"state"},"arguments":["isactive",{"__symbolic":"call","expression":{"__symbolic":"reference","module":"@angular/core","name":"style"},"arguments":[{"visibility":"visible","transform":"translate(-6%)"}]}]},{"__symbolic":"call","expression":{"__symbolic":"reference","module":"@angular/core","name":"state"},"arguments":["isnotactive",{"__symbolic":"call","expression":{"__symbolic":"reference","module":"@angular/core","name":"style"},"arguments":[{"visibility":"hidden","transform":"translate(27%)"}]}]},{"__symbolic":"call","expression":{"__symbolic":"reference","module":"@angular/core","name":"transition"},"arguments":["isactive => isnotactive",{"__symbolic":"call","expression":{"__symbolic":"reference","module":"@angular/core","name":"animate"},"arguments":["100ms ease-in"]}]},{"__symbolic":"call","expression":{"__symbolic":"reference","module":"@angular/core","name":"transition"},"arguments":["isnotactive => isactive",{"__symbolic":"call","expression":{"__symbolic":"reference","module":"@angular/core","name":"animate"},"arguments":["200ms ease-out"]}]}]]},"socialsState":{"__symbolic":"call","expression":{"__symbolic":"reference","module":"@angular/core","name":"trigger"},"arguments":["socialsState",[{"__symbolic":"call","expression":{"__symbolic":"reference","module":"@angular/core","name":"state"},"arguments":["active",{"__symbolic":"call","expression":{"__symbolic":"reference","module":"@angular/core","name":"style"},"arguments":[{"visibility":"visible","transform":"translateY(-100%)"}]}]},{"__symbolic":"call","expression":{"__symbolic":"reference","module":"@angular/core","name":"state"},"arguments":["inactive",{"__symbolic":"call","expression":{"__symbolic":"reference","module":"@angular/core","name":"style"},"arguments":[{"visibility":"hidden","transform":"translateY(0)"}]}]},{"__symbolic":"call","expression":{"__symbolic":"reference","module":"@angular/core","name":"transition"},"arguments":["* => void",{"__symbolic":"call","expression":{"__symbolic":"reference","module":"@angular/core","name":"animate"},"arguments":["200ms ease-in"]}]},{"__symbolic":"call","expression":{"__symbolic":"reference","module":"@angular/core","name":"transition"},"arguments":["void => *",{"__symbolic":"call","expression":{"__symbolic":"reference","module":"@angular/core","name":"animate"},"arguments":["200ms ease-out"]}]}]]},"zoomState":{"__symbolic":"call","expression":{"__symbolic":"reference","module":"@angular/core","name":"trigger"},"arguments":["zoomState",[{"__symbolic":"call","expression":{"__symbolic":"reference","module":"@angular/core","name":"state"},"arguments":["active",{"__symbolic":"call","expression":{"__symbolic":"reference","module":"@angular/core","name":"style"},"arguments":[{"transform":"scale(1, 1)","cursor":"zoom-out"}]}]},{"__symbolic":"call","expression":{"__symbolic":"reference","module":"@angular/core","name":"state"},"arguments":["inactive",{"__symbolic":"call","expression":{"__symbolic":"reference","module":"@angular/core","name":"style"},"arguments":[{"transform":"scale(0.9, 0.9)","cursor":"zoom-in"}]}]},{"__symbolic":"call","expression":{"__symbolic":"reference","module":"@angular/core","name":"transition"},"arguments":["active => inactive",{"__symbolic":"call","expression":{"__symbolic":"reference","module":"@angular/core","name":"animate"},"arguments":["300ms ease-in"]}]},{"__symbolic":"call","expression":{"__symbolic":"reference","module":"@angular/core","name":"transition"},"arguments":["inactive => active",{"__symbolic":"call","expression":{"__symbolic":"reference","module":"@angular/core","name":"animate"},"arguments":["300ms ease-out"]}]}]]},"restartState":{"__symbolic":"call","expression":{"__symbolic":"reference","module":"@angular/core","name":"trigger"},"arguments":["restartState",[{"__symbolic":"call","expression":{"__symbolic":"reference","module":"@angular/core","name":"state"},"arguments":["inactive",{"__symbolic":"call","expression":{"__symbolic":"reference","module":"@angular/core","name":"style"},"arguments":[{"transform":"scale(0.9, 0.9)"}]}]}]]},"flyInOut":{"__symbolic":"call","expression":{"__symbolic":"reference","module":"@angular/core","name":"trigger"},"arguments":["flyInOut",[{"__symbolic":"call","expression":{"__symbolic":"reference","module":"@angular/core","name":"state"},"arguments":["inactive",{"__symbolic":"call","expression":{"__symbolic":"reference","module":"@angular/core","name":"style"},"arguments":[{"display":"none","opacity":0.7}]}]},{"__symbolic":"call","expression":{"__symbolic":"reference","module":"@angular/core","name":"state"},"arguments":["active",{"__symbolic":"call","expression":{"__symbolic":"reference","module":"@angular/core","name":"style"},"arguments":[{"opacity":0.7}]}]},{"__symbolic":"call","expression":{"__symbolic":"reference","module":"@angular/core","name":"state"},"arguments":["removed",{"__symbolic":"call","expression":{"__symbolic":"reference","module":"@angular/core","name":"style"},"arguments":[{"opacity":0}]}]},{"__symbolic":"call","expression":{"__symbolic":"reference","module":"@angular/core","name":"transition"},"arguments":["inactive => active",{"__symbolic":"call","expression":{"__symbolic":"reference","module":"@angular/core","name":"animate"},"arguments":["300ms ease-in"]}]},{"__symbolic":"call","expression":{"__symbolic":"reference","module":"@angular/core","name":"transition"},"arguments":["active => removed",{"__symbolic":"call","expression":{"__symbolic":"reference","module":"@angular/core","name":"animate"},"arguments":["300ms ease-in"]}]}]]}}},{"__symbolic":"module","version":1,"metadata":{"slideIn":{"__symbolic":"call","expression":{"__symbolic":"reference","module":"@angular/core","name":"trigger"},"arguments":["slideIn",[{"__symbolic":"call","expression":{"__symbolic":"reference","module":"@angular/core","name":"state"},"arguments":["inactive",{"__symbolic":"call","expression":{"__symbolic":"reference","module":"@angular/core","name":"style"},"arguments":[{"opacity":0,"transform":"translateX(-300%)"}]}]},{"__symbolic":"call","expression":{"__symbolic":"reference","module":"@angular/core","name":"state"},"arguments":["active",{"__symbolic":"call","expression":{"__symbolic":"reference","module":"@angular/core","name":"style"},"arguments":[{"opacity":1,"transform":"translateX(0)"}]}]},{"__symbolic":"call","expression":{"__symbolic":"reference","module":"@angular/core","name":"transition"},"arguments":["inactive => active",{"__symbolic":"call","expression":{"__symbolic":"reference","module":"@angular/core","name":"animate"},"arguments":["500ms ease"]}]},{"__symbolic":"call","expression":{"__symbolic":"reference","module":"@angular/core","name":"transition"},"arguments":["active => inactive",{"__symbolic":"call","expression":{"__symbolic":"reference","module":"@angular/core","name":"animate"},"arguments":["500ms ease"]}]}]]},"slideOut":{"__symbolic":"call","expression":{"__symbolic":"reference","module":"@angular/core","name":"trigger"},"arguments":["slideOut",[{"__symbolic":"call","expression":{"__symbolic":"reference","module":"@angular/core","name":"state"},"arguments":["inactive",{"__symbolic":"call","expression":{"__symbolic":"reference","module":"@angular/core","name":"style"},"arguments":[{"opacity":0,"transform":"translateX(-300%)"}]}]},{"__symbolic":"call","expression":{"__symbolic":"reference","module":"@angular/core","name":"state"},"arguments":["active",{"__symbolic":"call","expression":{"__symbolic":"reference","module":"@angular/core","name":"style"},"arguments":[{"opacity":1,"transform":"translateX(0)"}]}]},{"__symbolic":"call","expression":{"__symbolic":"reference","module":"@angular/core","name":"transition"},"arguments":["inactive => active",{"__symbolic":"call","expression":{"__symbolic":"reference","module":"@angular/core","name":"animate"},"arguments":["500ms ease"]}]},{"__symbolic":"call","expression":{"__symbolic":"reference","module":"@angular/core","name":"transition"},"arguments":["active => inactive",{"__symbolic":"call","expression":{"__symbolic":"reference","module":"@angular/core","name":"animate"},"arguments":["500ms ease"]}]}]]},"flipState":{"__symbolic":"call","expression":{"__symbolic":"reference","module":"@angular/core","name":"trigger"},"arguments":["flipState",[{"__symbolic":"call","expression":{"__symbolic":"reference","module":"@angular/core","name":"state"},"arguments":["active",{"__symbolic":"call","expression":{"__symbolic":"reference","module":"@angular/core","name":"style"},"arguments":[{"transform":"rotateY(179.9deg)"}]}]},{"__symbolic":"call","expression":{"__symbolic":"reference","module":"@angular/core","name":"state"},"arguments":["inactive",{"__symbolic":"call","expression":{"__symbolic":"reference","module":"@angular/core","name":"style"},"arguments":[{"transform":"rotateY(0)"}]}]}]]},"turnState":{"__symbolic":"call","expression":{"__symbolic":"reference","module":"@angular/core","name":"trigger"},"arguments":["turnState",[{"__symbolic":"call","expression":{"__symbolic":"reference","module":"@angular/core","name":"state"},"arguments":["active",{"__symbolic":"call","expression":{"__symbolic":"reference","module":"@angular/core","name":"style"},"arguments":[{"transform":"rotateY(179.9deg)"}]}]},{"__symbolic":"call","expression":{"__symbolic":"reference","module":"@angular/core","name":"state"},"arguments":["inactive",{"__symbolic":"call","expression":{"__symbolic":"reference","module":"@angular/core","name":"style"},"arguments":[{"transform":"rotateY(0)"}]}]}]]},"iconsState":{"__symbolic":"call","expression":{"__symbolic":"reference","module":"@angular/core","name":"trigger"},"arguments":["iconsState",[{"__symbolic":"call","expression":{"__symbolic":"reference","module":"@angular/core","name":"state"},"arguments":["isactive",{"__symbolic":"call","expression":{"__symbolic":"reference","module":"@angular/core","name":"style"},"arguments":[{"visibility":"visible","transform":"translate(-6%)"}]}]},{"__symbolic":"call","expression":{"__symbolic":"reference","module":"@angular/core","name":"state"},"arguments":["isnotactive",{"__symbolic":"call","expression":{"__symbolic":"reference","module":"@angular/core","name":"style"},"arguments":[{"visibility":"hidden","transform":"translate(27%)"}]}]},{"__symbolic":"call","expression":{"__symbolic":"reference","module":"@angular/core","name":"transition"},"arguments":["isactive => isnotactive",{"__symbolic":"call","expression":{"__symbolic":"reference","module":"@angular/core","name":"animate"},"arguments":["100ms ease-in"]}]},{"__symbolic":"call","expression":{"__symbolic":"reference","module":"@angular/core","name":"transition"},"arguments":["isnotactive => isactive",{"__symbolic":"call","expression":{"__symbolic":"reference","module":"@angular/core","name":"animate"},"arguments":["200ms ease-out"]}]}]]},"socialsState":{"__symbolic":"call","expression":{"__symbolic":"reference","module":"@angular/core","name":"trigger"},"arguments":["socialsState",[{"__symbolic":"call","expression":{"__symbolic":"reference","module":"@angular/core","name":"state"},"arguments":["active",{"__symbolic":"call","expression":{"__symbolic":"reference","module":"@angular/core","name":"style"},"arguments":[{"visibility":"visible","transform":"translateY(-100%)"}]}]},{"__symbolic":"call","expression":{"__symbolic":"reference","module":"@angular/core","name":"state"},"arguments":["inactive",{"__symbolic":"call","expression":{"__symbolic":"reference","module":"@angular/core","name":"style"},"arguments":[{"visibility":"hidden","transform":"translateY(0)"}]}]},{"__symbolic":"call","expression":{"__symbolic":"reference","module":"@angular/core","name":"transition"},"arguments":["* => void",{"__symbolic":"call","expression":{"__symbolic":"reference","module":"@angular/core","name":"animate"},"arguments":["200ms ease-in"]}]},{"__symbolic":"call","expression":{"__symbolic":"reference","module":"@angular/core","name":"transition"},"arguments":["void => *",{"__symbolic":"call","expression":{"__symbolic":"reference","module":"@angular/core","name":"animate"},"arguments":["200ms ease-out"]}]}]]},"zoomState":{"__symbolic":"call","expression":{"__symbolic":"reference","module":"@angular/core","name":"trigger"},"arguments":["zoomState",[{"__symbolic":"call","expression":{"__symbolic":"reference","module":"@angular/core","name":"state"},"arguments":["active",{"__symbolic":"call","expression":{"__symbolic":"reference","module":"@angular/core","name":"style"},"arguments":[{"transform":"scale(1, 1)","cursor":"zoom-out"}]}]},{"__symbolic":"call","expression":{"__symbolic":"reference","module":"@angular/core","name":"state"},"arguments":["inactive",{"__symbolic":"call","expression":{"__symbolic":"reference","module":"@angular/core","name":"style"},"arguments":[{"transform":"scale(0.9, 0.9)","cursor":"zoom-in"}]}]},{"__symbolic":"call","expression":{"__symbolic":"reference","module":"@angular/core","name":"transition"},"arguments":["active => inactive",{"__symbolic":"call","expression":{"__symbolic":"reference","module":"@angular/core","name":"animate"},"arguments":["300ms ease-in"]}]},{"__symbolic":"call","expression":{"__symbolic":"reference","module":"@angular/core","name":"transition"},"arguments":["inactive => active",{"__symbolic":"call","expression":{"__symbolic":"reference","module":"@angular/core","name":"animate"},"arguments":["300ms ease-out"]}]}]]},"restartState":{"__symbolic":"call","expression":{"__symbolic":"reference","module":"@angular/core","name":"trigger"},"arguments":["restartState",[{"__symbolic":"call","expression":{"__symbolic":"reference","module":"@angular/core","name":"state"},"arguments":["inactive",{"__symbolic":"call","expression":{"__symbolic":"reference","module":"@angular/core","name":"style"},"arguments":[{"transform":"scale(0.9, 0.9)"}]}]}]]},"flyInOut":{"__symbolic":"call","expression":{"__symbolic":"reference","module":"@angular/core","name":"trigger"},"arguments":["flyInOut",[{"__symbolic":"call","expression":{"__symbolic":"reference","module":"@angular/core","name":"state"},"arguments":["inactive",{"__symbolic":"call","expression":{"__symbolic":"reference","module":"@angular/core","name":"style"},"arguments":[{"display":"none","opacity":0.7}]}]},{"__symbolic":"call","expression":{"__symbolic":"reference","module":"@angular/core","name":"state"},"arguments":["active",{"__symbolic":"call","expression":{"__symbolic":"reference","module":"@angular/core","name":"style"},"arguments":[{"opacity":0.7}]}]},{"__symbolic":"call","expression":{"__symbolic":"reference","module":"@angular/core","name":"state"},"arguments":["removed",{"__symbolic":"call","expression":{"__symbolic":"reference","module":"@angular/core","name":"style"},"arguments":[{"opacity":0}]}]},{"__symbolic":"call","expression":{"__symbolic":"reference","module":"@angular/core","name":"transition"},"arguments":["inactive => active",{"__symbolic":"call","expression":{"__symbolic":"reference","module":"@angular/core","name":"animate"},"arguments":["300ms ease-in"]}]},{"__symbolic":"call","expression":{"__symbolic":"reference","module":"@angular/core","name":"transition"},"arguments":["active => removed",{"__symbolic":"call","expression":{"__symbolic":"reference","module":"@angular/core","name":"animate"},"arguments":["300ms ease-in"]}]}]]}}}]