[{"__symbolic":"module","version":3,"metadata":{"NgUploaderModule":{"__symbolic":"class","decorators":[{"__symbolic":"call","expression":{"__symbolic":"reference","module":"@angular/core","name":"NgModule"},"arguments":[{"declarations":[{"__symbolic":"reference","module":"../directives/ng-file-select.directive","name":"NgFileSelectDirective"},{"__symbolic":"reference","module":"../directives/ng-file-drop.directive","name":"NgFileDropDirective"}],"exports":[{"__symbolic":"reference","module":"../directives/ng-file-select.directive","name":"NgFileSelectDirective"},{"__symbolic":"reference","module":"../directives/ng-file-drop.directive","name":"NgFileDropDirective"}]}]}]}}},{"__symbolic":"module","version":1,"metadata":{"NgUploaderModule":{"__symbolic":"class","decorators":[{"__symbolic":"call","expression":{"__symbolic":"reference","module":"@angular/core","name":"NgModule"},"arguments":[{"declarations":[{"__symbolic":"reference","module":"../directives/ng-file-select.directive","name":"NgFileSelectDirective"},{"__symbolic":"reference","module":"../directives/ng-file-drop.directive","name":"NgFileDropDirective"}],"exports":[{"__symbolic":"reference","module":"../directives/ng-file-select.directive","name":"NgFileSelectDirective"},{"__symbolic":"reference","module":"../directives/ng-file-drop.directive","name":"NgFileDropDirective"}]}]}]}}}]