[{"__symbolic":"module","version":3,"metadata":{"CompleterList":{"__symbolic":"interface"},"CompleterDropdown":{"__symbolic":"interface"},"CtrCompleter":{"__symbolic":"class","decorators":[{"__symbolic":"call","expression":{"__symbolic":"reference","module":"@angular/core","name":"Directive"},"arguments":[{"selector":"[ctrCompleter]"}]}],"members":{"selected":[{"__symbolic":"property","decorators":[{"__symbolic":"call","expression":{"__symbolic":"reference","module":"@angular/core","name":"Output"}}]}],"highlighted":[{"__symbolic":"property","decorators":[{"__symbolic":"call","expression":{"__symbolic":"reference","module":"@angular/core","name":"Output"}}]}],"opened":[{"__symbolic":"property","decorators":[{"__symbolic":"call","expression":{"__symbolic":"reference","module":"@angular/core","name":"Output"}}]}],"registerList":[{"__symbolic":"method"}],"registerDropdown":[{"__symbolic":"method"}],"onHighlighted":[{"__symbolic":"method"}],"onSelected":[{"__symbolic":"method"}],"search":[{"__symbolic":"method"}],"clear":[{"__symbolic":"method"}],"selectCurrent":[{"__symbolic":"method"}],"nextRow":[{"__symbolic":"method"}],"prevRow":[{"__symbolic":"method"}],"hasHighlighted":[{"__symbolic":"method"}],"cancelBlur":[{"__symbolic":"method"}],"isCancelBlur":[{"__symbolic":"method"}],"open":[{"__symbolic":"method"}]}}}},{"__symbolic":"module","version":1,"metadata":{"CompleterList":{"__symbolic":"interface"},"CompleterDropdown":{"__symbolic":"interface"},"CtrCompleter":{"__symbolic":"class","decorators":[{"__symbolic":"call","expression":{"__symbolic":"reference","module":"@angular/core","name":"Directive"},"arguments":[{"selector":"[ctrCompleter]"}]}],"members":{"selected":[{"__symbolic":"property","decorators":[{"__symbolic":"call","expression":{"__symbolic":"reference","module":"@angular/core","name":"Output"}}]}],"highlighted":[{"__symbolic":"property","decorators":[{"__symbolic":"call","expression":{"__symbolic":"reference","module":"@angular/core","name":"Output"}}]}],"opened":[{"__symbolic":"property","decorators":[{"__symbolic":"call","expression":{"__symbolic":"reference","module":"@angular/core","name":"Output"}}]}],"registerList":[{"__symbolic":"method"}],"registerDropdown":[{"__symbolic":"method"}],"onHighlighted":[{"__symbolic":"method"}],"onSelected":[{"__symbolic":"method"}],"search":[{"__symbolic":"method"}],"clear":[{"__symbolic":"method"}],"selectCurrent":[{"__symbolic":"method"}],"nextRow":[{"__symbolic":"method"}],"prevRow":[{"__symbolic":"method"}],"hasHighlighted":[{"__symbolic":"method"}],"cancelBlur":[{"__symbolic":"method"}],"isCancelBlur":[{"__symbolic":"method"}],"open":[{"__symbolic":"method"}]}}}}]