[{"__symbolic":"module","version":3,"metadata":{"CtrRowElement":{"__symbolic":"interface"},"CtrRowItem":{"__symbolic":"class","members":{"__ctor__":[{"__symbolic":"constructor","parameters":[{"__symbolic":"reference","name":"any"},{"__symbolic":"reference","name":"number"}]}]}},"CtrDropdown":{"__symbolic":"class","decorators":[{"__symbolic":"call","expression":{"__symbolic":"reference","module":"@angular/core","name":"Directive"},"arguments":[{"selector":"[ctrDropdown]"}]}],"members":{"__ctor__":[{"__symbolic":"constructor","parameterDecorators":[[{"__symbolic":"call","expression":{"__symbolic":"reference","module":"@angular/core","name":"Host"}}],null],"parameters":[{"__symbolic":"reference","module":"./completerDirective","name":"CtrCompleter"},{"__symbolic":"reference","module":"@angular/core","name":"ElementRef"}]}],"ngOnInit":[{"__symbolic":"method"}],"ngOnDestroy":[{"__symbolic":"method"}],"ngAfterViewInit":[{"__symbolic":"method"}],"onMouseDown":[{"__symbolic":"method","decorators":[{"__symbolic":"call","expression":{"__symbolic":"reference","module":"@angular/core","name":"HostListener"},"arguments":["mousedown",["$event"]]}]}],"registerRow":[{"__symbolic":"method"}],"highlightRow":[{"__symbolic":"method"}],"clear":[{"__symbolic":"method"}],"onSelected":[{"__symbolic":"method"}],"selectCurrent":[{"__symbolic":"method"}],"nextRow":[{"__symbolic":"method"}],"prevRow":[{"__symbolic":"method"}],"dropdownScrollTopTo":[{"__symbolic":"method"}],"dropdownRowTop":[{"__symbolic":"method"}],"dropdownHeight":[{"__symbolic":"method"}],"dropdownRowOffsetHeight":[{"__symbolic":"method"}]}}}},{"__symbolic":"module","version":1,"metadata":{"CtrRowElement":{"__symbolic":"interface"},"CtrRowItem":{"__symbolic":"class","members":{"__ctor__":[{"__symbolic":"constructor","parameters":[{"__symbolic":"reference","name":"any"},{"__symbolic":"reference","name":"number"}]}]}},"CtrDropdown":{"__symbolic":"class","decorators":[{"__symbolic":"call","expression":{"__symbolic":"reference","module":"@angular/core","name":"Directive"},"arguments":[{"selector":"[ctrDropdown]"}]}],"members":{"__ctor__":[{"__symbolic":"constructor","parameterDecorators":[[{"__symbolic":"call","expression":{"__symbolic":"reference","module":"@angular/core","name":"Host"}}],null],"parameters":[{"__symbolic":"reference","module":"./completerDirective","name":"CtrCompleter"},{"__symbolic":"reference","module":"@angular/core","name":"ElementRef"}]}],"ngOnInit":[{"__symbolic":"method"}],"ngOnDestroy":[{"__symbolic":"method"}],"ngAfterViewInit":[{"__symbolic":"method"}],"onMouseDown":[{"__symbolic":"method","decorators":[{"__symbolic":"call","expression":{"__symbolic":"reference","module":"@angular/core","name":"HostListener"},"arguments":["mousedown",["$event"]]}]}],"registerRow":[{"__symbolic":"method"}],"highlightRow":[{"__symbolic":"method"}],"clear":[{"__symbolic":"method"}],"onSelected":[{"__symbolic":"method"}],"selectCurrent":[{"__symbolic":"method"}],"nextRow":[{"__symbolic":"method"}],"prevRow":[{"__symbolic":"method"}],"dropdownScrollTopTo":[{"__symbolic":"method"}],"dropdownRowTop":[{"__symbolic":"method"}],"dropdownHeight":[{"__symbolic":"method"}],"dropdownRowOffsetHeight":[{"__symbolic":"method"}]}}}}]