[{"__symbolic":"module","version":3,"metadata":{"CtrInput":{"__symbolic":"class","decorators":[{"__symbolic":"call","expression":{"__symbolic":"reference","module":"@angular/core","name":"Directive"},"arguments":[{"selector":"[ctrInput]"}]}],"members":{"clearSelected":[{"__symbolic":"property","decorators":[{"__symbolic":"call","expression":{"__symbolic":"reference","module":"@angular/core","name":"Input"},"arguments":["clearSelected"]}]}],"clearUnselected":[{"__symbolic":"property","decorators":[{"__symbolic":"call","expression":{"__symbolic":"reference","module":"@angular/core","name":"Input"},"arguments":["clearUnselected"]}]}],"overrideSuggested":[{"__symbolic":"property","decorators":[{"__symbolic":"call","expression":{"__symbolic":"reference","module":"@angular/core","name":"Input"},"arguments":["overrideSuggested"]}]}],"fillHighlighted":[{"__symbolic":"property","decorators":[{"__symbolic":"call","expression":{"__symbolic":"reference","module":"@angular/core","name":"Input"},"arguments":["fillHighlighted"]}]}],"openOnFocus":[{"__symbolic":"property","decorators":[{"__symbolic":"call","expression":{"__symbolic":"reference","module":"@angular/core","name":"Input"},"arguments":["openOnFocus"]}]}],"ngModelChange":[{"__symbolic":"property","decorators":[{"__symbolic":"call","expression":{"__symbolic":"reference","module":"@angular/core","name":"Output"}}]}],"__ctor__":[{"__symbolic":"constructor","parameterDecorators":[[{"__symbolic":"call","expression":{"__symbolic":"reference","module":"@angular/core","name":"Host"}}],null,null],"parameters":[{"__symbolic":"reference","module":"./completerDirective","name":"CtrCompleter"},{"__symbolic":"reference","module":"@angular/forms","name":"NgModel"},{"__symbolic":"reference","module":"@angular/core","name":"ElementRef"}]}],"keyupHandler":[{"__symbolic":"method","decorators":[{"__symbolic":"call","expression":{"__symbolic":"reference","module":"@angular/core","name":"HostListener"},"arguments":["keyup",["$event"]]}]}],"keydownHandler":[{"__symbolic":"method","decorators":[{"__symbolic":"call","expression":{"__symbolic":"reference","module":"@angular/core","name":"HostListener"},"arguments":["keydown",["$event"]]}]}],"onBlur":[{"__symbolic":"method","decorators":[{"__symbolic":"call","expression":{"__symbolic":"reference","module":"@angular/core","name":"HostListener"},"arguments":["blur",["$event"]]}]}],"onfocus":[{"__symbolic":"method","decorators":[{"__symbolic":"call","expression":{"__symbolic":"reference","module":"@angular/core","name":"HostListener"},"arguments":["focus",["$event"]]}]}],"handleSelection":[{"__symbolic":"method"}],"restoreSearchValue":[{"__symbolic":"method"}]}}}},{"__symbolic":"module","version":1,"metadata":{"CtrInput":{"__symbolic":"class","decorators":[{"__symbolic":"call","expression":{"__symbolic":"reference","module":"@angular/core","name":"Directive"},"arguments":[{"selector":"[ctrInput]"}]}],"members":{"clearSelected":[{"__symbolic":"property","decorators":[{"__symbolic":"call","expression":{"__symbolic":"reference","module":"@angular/core","name":"Input"},"arguments":["clearSelected"]}]}],"clearUnselected":[{"__symbolic":"property","decorators":[{"__symbolic":"call","expression":{"__symbolic":"reference","module":"@angular/core","name":"Input"},"arguments":["clearUnselected"]}]}],"overrideSuggested":[{"__symbolic":"property","decorators":[{"__symbolic":"call","expression":{"__symbolic":"reference","module":"@angular/core","name":"Input"},"arguments":["overrideSuggested"]}]}],"fillHighlighted":[{"__symbolic":"property","decorators":[{"__symbolic":"call","expression":{"__symbolic":"reference","module":"@angular/core","name":"Input"},"arguments":["fillHighlighted"]}]}],"openOnFocus":[{"__symbolic":"property","decorators":[{"__symbolic":"call","expression":{"__symbolic":"reference","module":"@angular/core","name":"Input"},"arguments":["openOnFocus"]}]}],"ngModelChange":[{"__symbolic":"property","decorators":[{"__symbolic":"call","expression":{"__symbolic":"reference","module":"@angular/core","name":"Output"}}]}],"__ctor__":[{"__symbolic":"constructor","parameterDecorators":[[{"__symbolic":"call","expression":{"__symbolic":"reference","module":"@angular/core","name":"Host"}}],null,null],"parameters":[{"__symbolic":"reference","module":"./completerDirective","name":"CtrCompleter"},{"__symbolic":"reference","module":"@angular/forms","name":"NgModel"},{"__symbolic":"reference","module":"@angular/core","name":"ElementRef"}]}],"keyupHandler":[{"__symbolic":"method","decorators":[{"__symbolic":"call","expression":{"__symbolic":"reference","module":"@angular/core","name":"HostListener"},"arguments":["keyup",["$event"]]}]}],"keydownHandler":[{"__symbolic":"method","decorators":[{"__symbolic":"call","expression":{"__symbolic":"reference","module":"@angular/core","name":"HostListener"},"arguments":["keydown",["$event"]]}]}],"onBlur":[{"__symbolic":"method","decorators":[{"__symbolic":"call","expression":{"__symbolic":"reference","module":"@angular/core","name":"HostListener"},"arguments":["blur",["$event"]]}]}],"onfocus":[{"__symbolic":"method","decorators":[{"__symbolic":"call","expression":{"__symbolic":"reference","module":"@angular/core","name":"HostListener"},"arguments":["focus",["$event"]]}]}],"handleSelection":[{"__symbolic":"method"}],"restoreSearchValue":[{"__symbolic":"method"}]}}}}]