[{"__symbolic":"module","version":3,"metadata":{"CtrListContext":{"__symbolic":"class","members":{"__ctor__":[{"__symbolic":"constructor","parameters":[{"__symbolic":"reference","name":"Array","arguments":[{"__symbolic":"reference","module":"../components/completerItemComponent","name":"CompleterItem"}]},{"__symbolic":"reference","name":"boolean"},{"__symbolic":"reference","name":"boolean"},{"__symbolic":"reference","name":"boolean"}]}]}},"CtrList":{"__symbolic":"class","decorators":[{"__symbolic":"call","expression":{"__symbolic":"reference","module":"@angular/core","name":"Directive"},"arguments":[{"selector":"[ctrList]"}]}],"members":{"ctrListMinSearchLength":[{"__symbolic":"property","decorators":[{"__symbolic":"call","expression":{"__symbolic":"reference","module":"@angular/core","name":"Input"}}]}],"ctrListPause":[{"__symbolic":"property","decorators":[{"__symbolic":"call","expression":{"__symbolic":"reference","module":"@angular/core","name":"Input"}}]}],"ctrListAutoMatch":[{"__symbolic":"property","decorators":[{"__symbolic":"call","expression":{"__symbolic":"reference","module":"@angular/core","name":"Input"}}]}],"ctrListAutoHighlight":[{"__symbolic":"property","decorators":[{"__symbolic":"call","expression":{"__symbolic":"reference","module":"@angular/core","name":"Input"}}]}],"__ctor__":[{"__symbolic":"constructor","parameterDecorators":[[{"__symbolic":"call","expression":{"__symbolic":"reference","module":"@angular/core","name":"Host"}}],null,null,null],"parameters":[{"__symbolic":"reference","module":"./completerDirective","name":"CtrCompleter"},{"__symbolic":"reference","module":"@angular/core","name":"TemplateRef","arguments":[{"__symbolic":"reference","name":"CtrListContext"}]},{"__symbolic":"reference","module":"@angular/core","name":"ViewContainerRef"},{"__symbolic":"reference","module":"@angular/core","name":"ChangeDetectorRef"}]}],"ngOnInit":[{"__symbolic":"method"}],"dataService":[{"__symbolic":"property","decorators":[{"__symbolic":"call","expression":{"__symbolic":"reference","module":"@angular/core","name":"Input"},"arguments":["ctrList"]}]}],"initialValue":[{"__symbolic":"property","decorators":[{"__symbolic":"call","expression":{"__symbolic":"reference","module":"@angular/core","name":"Input"},"arguments":["ctrListInitialValue"]}]}],"search":[{"__symbolic":"method"}],"clear":[{"__symbolic":"method"}],"open":[{"__symbolic":"method"}],"isOpen":[{"__symbolic":"method"}],"_clear":[{"__symbolic":"method"}],"searchTimerComplete":[{"__symbolic":"method"}],"handleError":[{"__symbolic":"method"}],"refreshTemplate":[{"__symbolic":"method"}],"getBestMatchIndex":[{"__symbolic":"method"}]}}}},{"__symbolic":"module","version":1,"metadata":{"CtrListContext":{"__symbolic":"class","members":{"__ctor__":[{"__symbolic":"constructor","parameters":[{"__symbolic":"reference","name":"Array","arguments":[{"__symbolic":"reference","module":"../components/completerItemComponent","name":"CompleterItem"}]},{"__symbolic":"reference","name":"boolean"},{"__symbolic":"reference","name":"boolean"},{"__symbolic":"reference","name":"boolean"}]}]}},"CtrList":{"__symbolic":"class","decorators":[{"__symbolic":"call","expression":{"__symbolic":"reference","module":"@angular/core","name":"Directive"},"arguments":[{"selector":"[ctrList]"}]}],"members":{"ctrListMinSearchLength":[{"__symbolic":"property","decorators":[{"__symbolic":"call","expression":{"__symbolic":"reference","module":"@angular/core","name":"Input"}}]}],"ctrListPause":[{"__symbolic":"property","decorators":[{"__symbolic":"call","expression":{"__symbolic":"reference","module":"@angular/core","name":"Input"}}]}],"ctrListAutoMatch":[{"__symbolic":"property","decorators":[{"__symbolic":"call","expression":{"__symbolic":"reference","module":"@angular/core","name":"Input"}}]}],"ctrListAutoHighlight":[{"__symbolic":"property","decorators":[{"__symbolic":"call","expression":{"__symbolic":"reference","module":"@angular/core","name":"Input"}}]}],"__ctor__":[{"__symbolic":"constructor","parameterDecorators":[[{"__symbolic":"call","expression":{"__symbolic":"reference","module":"@angular/core","name":"Host"}}],null,null,null],"parameters":[{"__symbolic":"reference","module":"./completerDirective","name":"CtrCompleter"},{"__symbolic":"reference","module":"@angular/core","name":"TemplateRef","arguments":[{"__symbolic":"reference","name":"CtrListContext"}]},{"__symbolic":"reference","module":"@angular/core","name":"ViewContainerRef"},{"__symbolic":"reference","module":"@angular/core","name":"ChangeDetectorRef"}]}],"ngOnInit":[{"__symbolic":"method"}],"dataService":[{"__symbolic":"property","decorators":[{"__symbolic":"call","expression":{"__symbolic":"reference","module":"@angular/core","name":"Input"},"arguments":["ctrList"]}]}],"initialValue":[{"__symbolic":"property","decorators":[{"__symbolic":"call","expression":{"__symbolic":"reference","module":"@angular/core","name":"Input"},"arguments":["ctrListInitialValue"]}]}],"search":[{"__symbolic":"method"}],"clear":[{"__symbolic":"method"}],"open":[{"__symbolic":"method"}],"isOpen":[{"__symbolic":"method"}],"_clear":[{"__symbolic":"method"}],"searchTimerComplete":[{"__symbolic":"method"}],"handleError":[{"__symbolic":"method"}],"refreshTemplate":[{"__symbolic":"method"}],"getBestMatchIndex":[{"__symbolic":"method"}]}}}}]