[{"__symbolic":"module","version":3,"metadata":{"LightBoxModule":{"__symbolic":"class","decorators":[{"__symbolic":"call","expression":{"__symbolic":"reference","module":"@angular/core","name":"NgModule"},"arguments":[{"imports":[{"__symbolic":"reference","module":"@angular/common","name":"CommonModule"},{"__symbolic":"reference","module":"@angular/forms","name":"FormsModule"}],"declarations":[{"__symbolic":"reference","module":"./image-popup","name":"ImageModal"}],"exports":[{"__symbolic":"reference","module":"./image-popup","name":"ImageModal"}]}]}]}}},{"__symbolic":"module","version":1,"metadata":{"LightBoxModule":{"__symbolic":"class","decorators":[{"__symbolic":"call","expression":{"__symbolic":"reference","module":"@angular/core","name":"NgModule"},"arguments":[{"imports":[{"__symbolic":"reference","module":"@angular/common","name":"CommonModule"},{"__symbolic":"reference","module":"@angular/forms","name":"FormsModule"}],"declarations":[{"__symbolic":"reference","module":"./image-popup","name":"ImageModal"}],"exports":[{"__symbolic":"reference","module":"./image-popup","name":"ImageModal"}]}]}]}}}]