[{"__symbolic":"module","version":3,"metadata":{"MATERIAL_COMPATIBILITY_MODE":{"__symbolic":"new","expression":{"__symbolic":"reference","module":"@angular/core","name":"OpaqueToken"},"arguments":["md-compatibility-mode"]},"MdCompatibilityInvalidPrefixError":{"__symbolic":"class","extends":{"__symbolic":"reference","module":"../errors/errors","name":"MdError"},"members":{"__ctor__":[{"__symbolic":"constructor","parameters":[{"__symbolic":"reference","name":"string"},{"__symbolic":"reference","name":"string"}]}]}},"MAT_ELEMENTS_SELECTOR":"\n  [mat-button],\n  [mat-dialog-actions],\n  [mat-dialog-close],\n  [mat-dialog-content],\n  [mat-dialog-title],\n  [mat-fab],\n  [mat-icon-button],\n  [mat-menu-trigger-for],\n  [mat-mini-fab],\n  [mat-raised-button],\n  [mat-tab-label],\n  [mat-tab-link],\n  [mat-tab-nav-bar],\n  [matTooltip],\n  mat-autocomplete,\n  mat-button-toggle,\n  mat-button-toggle-group,\n  mat-button-toggle,\n  mat-card,\n  mat-card-actions,\n  mat-card-content,\n  mat-card-footer,\n  mat-card-header,\n  mat-card-subtitle,\n  mat-card-title,\n  mat-card-title-group,\n  mat-checkbox,\n  mat-chip,\n  mat-dialog-actions,\n  mat-dialog-container,\n  mat-dialog-content,\n  mat-divider,\n  mat-grid-list,\n  mat-grid-tile,\n  mat-grid-tile-footer,\n  mat-grid-tile-header,\n  mat-hint,\n  mat-icon,\n  mat-list,\n  mat-list-item,\n  mat-menu,\n  mat-nav-list,\n  mat-option,\n  mat-placeholder,\n  mat-progress-bar,\n  mat-pseudo-checkbox,\n  mat-radio-button,\n  mat-radio-group,\n  mat-select,\n  mat-sidenav,\n  mat-sidenav-container,\n  mat-slider,\n  mat-spinner,\n  mat-tab,\n  mat-tab-group,\n  mat-toolbar,\n  mat-error","MD_ELEMENTS_SELECTOR":"\n  [md-button],\n  [md-dialog-actions],\n  [md-dialog-close],\n  [md-dialog-content],\n  [md-dialog-title],\n  [md-fab],\n  [md-icon-button],\n  [md-menu-trigger-for],\n  [md-mini-fab],\n  [md-raised-button],\n  [md-tab-label],\n  [md-tab-link],\n  [md-tab-nav-bar],\n  [mdTooltip],\n  md-autocomplete,\n  md-button-toggle,\n  md-button-toggle-group,\n  md-button-toggle,\n  md-card,\n  md-card-actions,\n  md-card-content,\n  md-card-footer,\n  md-card-header,\n  md-card-subtitle,\n  md-card-title,\n  md-card-title-group,\n  md-checkbox,\n  md-chip,\n  md-dialog-actions,\n  md-dialog-container,\n  md-dialog-content,\n  md-divider,\n  md-grid-list,\n  md-grid-tile,\n  md-grid-tile-footer,\n  md-grid-tile-header,\n  md-hint,\n  md-icon,\n  md-list,\n  md-list-item,\n  md-menu,\n  md-nav-list,\n  md-option,\n  md-placeholder,\n  md-progress-bar,\n  md-pseudo-checkbox,\n  md-radio-button,\n  md-radio-group,\n  md-select,\n  md-sidenav,\n  md-sidenav-container,\n  md-slider,\n  md-spinner,\n  md-tab,\n  md-tab-group,\n  md-toolbar,\n  md-error","MatPrefixRejector":{"__symbolic":"class","decorators":[{"__symbolic":"call","expression":{"__symbolic":"reference","module":"@angular/core","name":"Directive"},"arguments":[{"selector":"\n  [mat-button],\n  [mat-dialog-actions],\n  [mat-dialog-close],\n  [mat-dialog-content],\n  [mat-dialog-title],\n  [mat-fab],\n  [mat-icon-button],\n  [mat-menu-trigger-for],\n  [mat-mini-fab],\n  [mat-raised-button],\n  [mat-tab-label],\n  [mat-tab-link],\n  [mat-tab-nav-bar],\n  [matTooltip],\n  mat-autocomplete,\n  mat-button-toggle,\n  mat-button-toggle-group,\n  mat-button-toggle,\n  mat-card,\n  mat-card-actions,\n  mat-card-content,\n  mat-card-footer,\n  mat-card-header,\n  mat-card-subtitle,\n  mat-card-title,\n  mat-card-title-group,\n  mat-checkbox,\n  mat-chip,\n  mat-dialog-actions,\n  mat-dialog-container,\n  mat-dialog-content,\n  mat-divider,\n  mat-grid-list,\n  mat-grid-tile,\n  mat-grid-tile-footer,\n  mat-grid-tile-header,\n  mat-hint,\n  mat-icon,\n  mat-list,\n  mat-list-item,\n  mat-menu,\n  mat-nav-list,\n  mat-option,\n  mat-placeholder,\n  mat-progress-bar,\n  mat-pseudo-checkbox,\n  mat-radio-button,\n  mat-radio-group,\n  mat-select,\n  mat-sidenav,\n  mat-sidenav-container,\n  mat-slider,\n  mat-spinner,\n  mat-tab,\n  mat-tab-group,\n  mat-toolbar,\n  mat-error"}]}],"members":{"__ctor__":[{"__symbolic":"constructor","parameterDecorators":[[{"__symbolic":"call","expression":{"__symbolic":"reference","module":"@angular/core","name":"Optional"}},{"__symbolic":"call","expression":{"__symbolic":"reference","module":"@angular/core","name":"Inject"},"arguments":[{"__symbolic":"reference","name":"MATERIAL_COMPATIBILITY_MODE"}]}],null],"parameters":[{"__symbolic":"reference","name":"boolean"},{"__symbolic":"reference","module":"@angular/core","name":"ElementRef"}]}]}},"MdPrefixRejector":{"__symbolic":"class","decorators":[{"__symbolic":"call","expression":{"__symbolic":"reference","module":"@angular/core","name":"Directive"},"arguments":[{"selector":"\n  [md-button],\n  [md-dialog-actions],\n  [md-dialog-close],\n  [md-dialog-content],\n  [md-dialog-title],\n  [md-fab],\n  [md-icon-button],\n  [md-menu-trigger-for],\n  [md-mini-fab],\n  [md-raised-button],\n  [md-tab-label],\n  [md-tab-link],\n  [md-tab-nav-bar],\n  [mdTooltip],\n  md-autocomplete,\n  md-button-toggle,\n  md-button-toggle-group,\n  md-button-toggle,\n  md-card,\n  md-card-actions,\n  md-card-content,\n  md-card-footer,\n  md-card-header,\n  md-card-subtitle,\n  md-card-title,\n  md-card-title-group,\n  md-checkbox,\n  md-chip,\n  md-dialog-actions,\n  md-dialog-container,\n  md-dialog-content,\n  md-divider,\n  md-grid-list,\n  md-grid-tile,\n  md-grid-tile-footer,\n  md-grid-tile-header,\n  md-hint,\n  md-icon,\n  md-list,\n  md-list-item,\n  md-menu,\n  md-nav-list,\n  md-option,\n  md-placeholder,\n  md-progress-bar,\n  md-pseudo-checkbox,\n  md-radio-button,\n  md-radio-group,\n  md-select,\n  md-sidenav,\n  md-sidenav-container,\n  md-slider,\n  md-spinner,\n  md-tab,\n  md-tab-group,\n  md-toolbar,\n  md-error"}]}],"members":{"__ctor__":[{"__symbolic":"constructor","parameterDecorators":[[{"__symbolic":"call","expression":{"__symbolic":"reference","module":"@angular/core","name":"Optional"}},{"__symbolic":"call","expression":{"__symbolic":"reference","module":"@angular/core","name":"Inject"},"arguments":[{"__symbolic":"reference","name":"MATERIAL_COMPATIBILITY_MODE"}]}],null],"parameters":[{"__symbolic":"reference","name":"boolean"},{"__symbolic":"reference","module":"@angular/core","name":"ElementRef"}]}]}},"CompatibilityModule":{"__symbolic":"class","decorators":[{"__symbolic":"call","expression":{"__symbolic":"reference","module":"@angular/core","name":"NgModule"},"arguments":[{"declarations":[{"__symbolic":"reference","name":"MatPrefixRejector"},{"__symbolic":"reference","name":"MdPrefixRejector"}],"exports":[{"__symbolic":"reference","name":"MatPrefixRejector"},{"__symbolic":"reference","name":"MdPrefixRejector"}]}]}],"members":{"__ctor__":[{"__symbolic":"constructor","parameterDecorators":[[{"__symbolic":"call","expression":{"__symbolic":"reference","module":"@angular/core","name":"Optional"}},{"__symbolic":"call","expression":{"__symbolic":"reference","module":"@angular/core","name":"Inject"},"arguments":[{"__symbolic":"reference","module":"@angular/platform-browser","name":"DOCUMENT"}]}]],"parameters":[{"__symbolic":"reference","name":"any"}]}],"_checkDoctype":[{"__symbolic":"method"}],"_checkTheme":[{"__symbolic":"method"}]},"statics":{"forRoot":{"__symbolic":"function","parameters":[],"value":{"ngModule":{"__symbolic":"reference","name":"CompatibilityModule"},"providers":[]}}}},"NoConflictStyleCompatibilityMode":{"__symbolic":"class","decorators":[{"__symbolic":"call","expression":{"__symbolic":"reference","module":"@angular/core","name":"NgModule"},"arguments":[{"providers":[{"provide":{"__symbolic":"reference","name":"MATERIAL_COMPATIBILITY_MODE"},"useValue":true}]}]}]}}},{"__symbolic":"module","version":1,"metadata":{"MATERIAL_COMPATIBILITY_MODE":{"__symbolic":"new","expression":{"__symbolic":"reference","module":"@angular/core","name":"OpaqueToken"},"arguments":["md-compatibility-mode"]},"MdCompatibilityInvalidPrefixError":{"__symbolic":"class","extends":{"__symbolic":"reference","module":"../errors/errors","name":"MdError"},"members":{"__ctor__":[{"__symbolic":"constructor","parameters":[{"__symbolic":"reference","name":"string"},{"__symbolic":"reference","name":"string"}]}]}},"MAT_ELEMENTS_SELECTOR":"\n  [mat-button],\n  [mat-dialog-actions],\n  [mat-dialog-close],\n  [mat-dialog-content],\n  [mat-dialog-title],\n  [mat-fab],\n  [mat-icon-button],\n  [mat-menu-trigger-for],\n  [mat-mini-fab],\n  [mat-raised-button],\n  [mat-tab-label],\n  [mat-tab-link],\n  [mat-tab-nav-bar],\n  [matTooltip],\n  mat-autocomplete,\n  mat-button-toggle,\n  mat-button-toggle-group,\n  mat-button-toggle,\n  mat-card,\n  mat-card-actions,\n  mat-card-content,\n  mat-card-footer,\n  mat-card-header,\n  mat-card-subtitle,\n  mat-card-title,\n  mat-card-title-group,\n  mat-checkbox,\n  mat-chip,\n  mat-dialog-actions,\n  mat-dialog-container,\n  mat-dialog-content,\n  mat-divider,\n  mat-grid-list,\n  mat-grid-tile,\n  mat-grid-tile-footer,\n  mat-grid-tile-header,\n  mat-hint,\n  mat-icon,\n  mat-list,\n  mat-list-item,\n  mat-menu,\n  mat-nav-list,\n  mat-option,\n  mat-placeholder,\n  mat-progress-bar,\n  mat-pseudo-checkbox,\n  mat-radio-button,\n  mat-radio-group,\n  mat-select,\n  mat-sidenav,\n  mat-sidenav-container,\n  mat-slider,\n  mat-spinner,\n  mat-tab,\n  mat-tab-group,\n  mat-toolbar,\n  mat-error","MD_ELEMENTS_SELECTOR":"\n  [md-button],\n  [md-dialog-actions],\n  [md-dialog-close],\n  [md-dialog-content],\n  [md-dialog-title],\n  [md-fab],\n  [md-icon-button],\n  [md-menu-trigger-for],\n  [md-mini-fab],\n  [md-raised-button],\n  [md-tab-label],\n  [md-tab-link],\n  [md-tab-nav-bar],\n  [mdTooltip],\n  md-autocomplete,\n  md-button-toggle,\n  md-button-toggle-group,\n  md-button-toggle,\n  md-card,\n  md-card-actions,\n  md-card-content,\n  md-card-footer,\n  md-card-header,\n  md-card-subtitle,\n  md-card-title,\n  md-card-title-group,\n  md-checkbox,\n  md-chip,\n  md-dialog-actions,\n  md-dialog-container,\n  md-dialog-content,\n  md-divider,\n  md-grid-list,\n  md-grid-tile,\n  md-grid-tile-footer,\n  md-grid-tile-header,\n  md-hint,\n  md-icon,\n  md-list,\n  md-list-item,\n  md-menu,\n  md-nav-list,\n  md-option,\n  md-placeholder,\n  md-progress-bar,\n  md-pseudo-checkbox,\n  md-radio-button,\n  md-radio-group,\n  md-select,\n  md-sidenav,\n  md-sidenav-container,\n  md-slider,\n  md-spinner,\n  md-tab,\n  md-tab-group,\n  md-toolbar,\n  md-error","MatPrefixRejector":{"__symbolic":"class","decorators":[{"__symbolic":"call","expression":{"__symbolic":"reference","module":"@angular/core","name":"Directive"},"arguments":[{"selector":"\n  [mat-button],\n  [mat-dialog-actions],\n  [mat-dialog-close],\n  [mat-dialog-content],\n  [mat-dialog-title],\n  [mat-fab],\n  [mat-icon-button],\n  [mat-menu-trigger-for],\n  [mat-mini-fab],\n  [mat-raised-button],\n  [mat-tab-label],\n  [mat-tab-link],\n  [mat-tab-nav-bar],\n  [matTooltip],\n  mat-autocomplete,\n  mat-button-toggle,\n  mat-button-toggle-group,\n  mat-button-toggle,\n  mat-card,\n  mat-card-actions,\n  mat-card-content,\n  mat-card-footer,\n  mat-card-header,\n  mat-card-subtitle,\n  mat-card-title,\n  mat-card-title-group,\n  mat-checkbox,\n  mat-chip,\n  mat-dialog-actions,\n  mat-dialog-container,\n  mat-dialog-content,\n  mat-divider,\n  mat-grid-list,\n  mat-grid-tile,\n  mat-grid-tile-footer,\n  mat-grid-tile-header,\n  mat-hint,\n  mat-icon,\n  mat-list,\n  mat-list-item,\n  mat-menu,\n  mat-nav-list,\n  mat-option,\n  mat-placeholder,\n  mat-progress-bar,\n  mat-pseudo-checkbox,\n  mat-radio-button,\n  mat-radio-group,\n  mat-select,\n  mat-sidenav,\n  mat-sidenav-container,\n  mat-slider,\n  mat-spinner,\n  mat-tab,\n  mat-tab-group,\n  mat-toolbar,\n  mat-error"}]}],"members":{"__ctor__":[{"__symbolic":"constructor","parameterDecorators":[[{"__symbolic":"call","expression":{"__symbolic":"reference","module":"@angular/core","name":"Optional"}},{"__symbolic":"call","expression":{"__symbolic":"reference","module":"@angular/core","name":"Inject"},"arguments":[{"__symbolic":"reference","name":"MATERIAL_COMPATIBILITY_MODE"}]}],null],"parameters":[{"__symbolic":"reference","name":"boolean"},{"__symbolic":"reference","module":"@angular/core","name":"ElementRef"}]}]}},"MdPrefixRejector":{"__symbolic":"class","decorators":[{"__symbolic":"call","expression":{"__symbolic":"reference","module":"@angular/core","name":"Directive"},"arguments":[{"selector":"\n  [md-button],\n  [md-dialog-actions],\n  [md-dialog-close],\n  [md-dialog-content],\n  [md-dialog-title],\n  [md-fab],\n  [md-icon-button],\n  [md-menu-trigger-for],\n  [md-mini-fab],\n  [md-raised-button],\n  [md-tab-label],\n  [md-tab-link],\n  [md-tab-nav-bar],\n  [mdTooltip],\n  md-autocomplete,\n  md-button-toggle,\n  md-button-toggle-group,\n  md-button-toggle,\n  md-card,\n  md-card-actions,\n  md-card-content,\n  md-card-footer,\n  md-card-header,\n  md-card-subtitle,\n  md-card-title,\n  md-card-title-group,\n  md-checkbox,\n  md-chip,\n  md-dialog-actions,\n  md-dialog-container,\n  md-dialog-content,\n  md-divider,\n  md-grid-list,\n  md-grid-tile,\n  md-grid-tile-footer,\n  md-grid-tile-header,\n  md-hint,\n  md-icon,\n  md-list,\n  md-list-item,\n  md-menu,\n  md-nav-list,\n  md-option,\n  md-placeholder,\n  md-progress-bar,\n  md-pseudo-checkbox,\n  md-radio-button,\n  md-radio-group,\n  md-select,\n  md-sidenav,\n  md-sidenav-container,\n  md-slider,\n  md-spinner,\n  md-tab,\n  md-tab-group,\n  md-toolbar,\n  md-error"}]}],"members":{"__ctor__":[{"__symbolic":"constructor","parameterDecorators":[[{"__symbolic":"call","expression":{"__symbolic":"reference","module":"@angular/core","name":"Optional"}},{"__symbolic":"call","expression":{"__symbolic":"reference","module":"@angular/core","name":"Inject"},"arguments":[{"__symbolic":"reference","name":"MATERIAL_COMPATIBILITY_MODE"}]}],null],"parameters":[{"__symbolic":"reference","name":"boolean"},{"__symbolic":"reference","module":"@angular/core","name":"ElementRef"}]}]}},"CompatibilityModule":{"__symbolic":"class","decorators":[{"__symbolic":"call","expression":{"__symbolic":"reference","module":"@angular/core","name":"NgModule"},"arguments":[{"declarations":[{"__symbolic":"reference","name":"MatPrefixRejector"},{"__symbolic":"reference","name":"MdPrefixRejector"}],"exports":[{"__symbolic":"reference","name":"MatPrefixRejector"},{"__symbolic":"reference","name":"MdPrefixRejector"}]}]}],"members":{"__ctor__":[{"__symbolic":"constructor","parameterDecorators":[[{"__symbolic":"call","expression":{"__symbolic":"reference","module":"@angular/core","name":"Optional"}},{"__symbolic":"call","expression":{"__symbolic":"reference","module":"@angular/core","name":"Inject"},"arguments":[{"__symbolic":"reference","module":"@angular/platform-browser","name":"DOCUMENT"}]}]],"parameters":[{"__symbolic":"reference","name":"any"}]}],"_checkDoctype":[{"__symbolic":"method"}],"_checkTheme":[{"__symbolic":"method"}]},"statics":{"forRoot":{"__symbolic":"function","parameters":[],"value":{"ngModule":{"__symbolic":"reference","name":"CompatibilityModule"},"providers":[]}}}},"NoConflictStyleCompatibilityMode":{"__symbolic":"class","decorators":[{"__symbolic":"call","expression":{"__symbolic":"reference","module":"@angular/core","name":"NgModule"},"arguments":[{"providers":[{"provide":{"__symbolic":"reference","name":"MATERIAL_COMPATIBILITY_MODE"},"useValue":true}]}]}]}}}]