[{"__symbolic":"module","version":3,"metadata":{},"exports":[{"from":"./dateInterface"},{"from":"./dateRangeInterface"},{"from":"./dayLabelsInterface"},{"from":"./monthLabelsInterface"},{"from":"./monthInterface"},{"from":"./calendarDayInterface"},{"from":"./weekInterface"},{"from":"./optionsInterface"},{"from":"./localeInterface"},{"from":"./dateModelInterface"},{"from":"./inputfieldChangedInterface"},{"from":"./inputFocusBlurInterface"},{"from":"./weekdayInterface"},{"from":"./calendarViewChangedInterface"},{"from":"./inputAutofillInterface"},{"from":"./markedDateInterface"},{"from":"./markedDatesInterface"}]},{"__symbolic":"module","version":1,"metadata":{},"exports":[{"from":"./dateInterface"},{"from":"./dateRangeInterface"},{"from":"./dayLabelsInterface"},{"from":"./monthLabelsInterface"},{"from":"./monthInterface"},{"from":"./calendarDayInterface"},{"from":"./weekInterface"},{"from":"./optionsInterface"},{"from":"./localeInterface"},{"from":"./dateModelInterface"},{"from":"./inputfieldChangedInterface"},{"from":"./inputFocusBlurInterface"},{"from":"./weekdayInterface"},{"from":"./calendarViewChangedInterface"},{"from":"./inputAutofillInterface"},{"from":"./markedDateInterface"},{"from":"./markedDatesInterface"}]}]